model,N,Za,Zb,C,disruptor_count,disruptor_fraction,t,h,qa,qb,nr_states,nr_transitions,build_time,check_time,total_time,reach_a,reach_b,reach_consensus,reach_a_first,reach_b_first,reach_robust95_a,reach_robust95_b,reach_robust99_a,reach_robust99_b,exp_consensus_time,status,error
voter_zealots,20,0,0,0,0,0.0,35,40,1.05,0.95,21,40,0.25127772399991954,0.05460062000020116,0.30678217799959384,0.9475417921492322,0.8572997167064482,0.9999999999999994,0.5250000000000001,0.4750000000000001,0.708113767963215,0.26028317798655237,0.708113767963215,0.26028317798655237,0.1,ok,
voter_contrarians,20,0,0,0,0,0.0,35,40,1.05,0.95,21,40,0.12974920200031193,0.016892259000087506,0.14673755899912067,0.9475417921492322,0.8572997167064482,0.9999999999999994,0.5250000000000001,0.4750000000000001,0.708113767963215,0.26028317798655237,0.708113767963215,0.26028317798655237,0.1,ok,
crossinh_zealots,20,0,0,0,0,0.0,35,40,1.05,0.95,230,762,0.0637047000000166,0.0264052359998459,0.09018887099955464,0.7413279310546121,0.5456258343948412,0.9999999997491562,0.5649159555126304,0.43508404423652614,0.6425386296487655,0.3594165533288005,0.6421392501394708,0.3582014441514578,0.8908391185553921,ok,
crossinh_contrarians,20,0,0,0,0,0.0,35,40,1.05,0.95,230,762,0.06741762299952825,0.020637898000131827,0.08815380499981984,0.7413279310546121,0.5456258343948412,0.9999999997491562,0.5649159555126304,0.43508404423652614,0.6425386296487655,0.3594165533288005,0.6421392501394708,0.3582014441514578,0.8908391185553921,ok,
voter_zealots,20,1,1,0,2,0.1,35,40,1.05,0.95,19,36,0.1447286719994736,0.017451222000090638,0.16239234600016061,0.9984686401206042,0.9734180072651347,0.9999999999999999,0.5249999999999997,0.47500000000000003,0.0,0.0,0.0,0.0,0.1111111111111111,ok,
voter_contrarians,20,0,0,2,2,0.1,35,40,1.05,0.95,57,216,0.03764375900027517,0.012624472999959835,0.050405121999574476,0.9999278718698124,0.9978235676185518,0.9999999999999991,0.5204545454545451,0.47954545454545383,0.0,0.0,0.0,0.0,0.10101010101010101,ok,
crossinh_zealots,20,1,1,0,2,0.1,35,40,1.05,0.95,190,684,0.023182765999990806,0.01776114200038137,0.041066117000809754,0.7682885152620286,0.5654068241869262,0.9999999997232517,0.5634481909449282,0.4365518087783232,0.658931498122243,0.3436869389138615,0.6580647185958123,0.0,0.8918451545169886,ok,
crossinh_contrarians,20,0,0,2,2,0.1,35,40,1.05,0.95,570,3044,0.02687539199996536,0.02253482900050585,0.04953408999972453,0.821725298772722,0.6493609222000236,0.999999999871136,0.5404778403043373,0.45952215956679826,0.0,0.0,0.0,0.0,0.6571617218936404,ok,
voter_zealots,20,2,2,0,4,0.2,35,40,1.05,0.95,17,32,0.016757246000452142,0.013785312999971211,0.03061050999986037,0.9999169992986631,0.9959641693911112,1.0,0.5249999999999999,0.47499999999999953,0.0,0.0,0.0,0.0,0.125,ok,
voter_contrarians,20,0,0,4,4,0.2,35,40,1.05,0.95,85,388,0.019131463000121585,0.01903575900087162,0.038259783999819774,0.999999449608429,0.9999832300729118,0.9999999999999996,0.5162371134020616,0.48376288659793787,0.0,0.0,0.0,0.0,0.10309278350515465,ok,
crossinh_zealots,20,2,2,0,4,0.2,35,40,1.05,0.95,153,544,0.025619257000471407,0.017809591000514047,0.043628368000099726,0.8236896412970033,0.6007003466096901,0.9999999998320993,0.561659686910287,0.43834031292181225,0.0,0.0,0.0,0.0,0.8942341169311205,ok,
crossinh_contrarians,20,0,0,4,4,0.2,35,40,1.05,0.95,765,4662,0.023846095999942918,0.027680378000695782,0.051648935999764944,0.9574032510242316,0.8592136187098515,0.9999999999950927,0.5226765796300434,0.4773234203650491,0.0,0.0,0.0,0.0,0.48557265852781895,ok,
voter_zealots,20,3,3,0,6,0.3,35,40,1.05,0.95,15,28,0.015898601999651873,0.015357301000221923,0.031361921000097936,0.999992635456983,0.99937563770987,0.9999999999999997,0.525,0.47499999999999987,0.0,0.0,0.0,0.0,0.14285714285714285,ok,
voter_contrarians,20,0,0,6,6,0.3,35,40,1.05,0.95,105,512,0.016809579999971902,0.01360352400024567,0.030474761999357725,0.9999999896838353,0.9999998750623385,0.9999999999999996,0.5122340425531912,0.4877659574468089,0.0,0.0,0.0,0.0,0.10638297872340426,ok,
crossinh_zealots,20,3,3,0,6,0.3,35,40,1.05,0.95,120,420,0.017097046000344562,0.024540776000321785,0.04172020199985127,0.9123344374652684,0.6832727279496573,0.9999999999469409,0.559660360272473,0.4403396396744677,0.0,0.0,0.0,0.0,0.9040038446715543,ok,
crossinh_contrarians,20,0,0,6,6,0.3,35,40,1.05,0.95,840,5344,0.02409361700028967,0.03574866700000712,0.05994758999986516,0.9945608989373387,0.9798092124287027,0.9999999999999892,0.510105066655079,0.4898949333449107,0.0,0.0,0.0,0.0,0.3752054257355146,ok,
voter_zealots,20,4,4,0,8,0.4,35,40,1.05,0.95,13,24,0.017935834999661893,0.013032515999839234,0.03103590200043982,0.9999989548474346,0.9998893756244358,1.0000000000000013,0.5249999999999998,0.475,0.0,0.0,0.0,0.0,0.16666666666666666,ok,
voter_contrarians,20,0,0,8,8,0.4,35,40,1.05,0.95,117,588,0.017640647000007448,0.021684739999727753,0.039414658999703533,0.9999999996480389,0.9999999989467381,0.9999999999999999,0.5083333333333333,0.4916666666666666,0.0,0.0,0.0,0.0,0.1111111111111111,ok,
crossinh_zealots,20,4,4,0,8,0.4,35,40,1.05,0.95,91,312,0.018038255999272224,0.026375741000265407,0.044490348999715934,0.9695872387582986,0.8072242476221094,0.999999999991447,0.5576054714519848,0.44239452853946265,0.0,0.0,0.0,0.0,0.9307917974239786,ok,
crossinh_contrarians,20,0,0,8,8,0.4,35,40,1.05,0.95,819,5282,0.023411567000039213,0.028984540000237757,0.052508951000163506,0.9996041938515112,0.9990022600388961,1.0000000000000002,0.5010347578135488,0.4989652421864511,0.0,0.0,0.0,0.0,0.30991234160973335,ok,
voter_zealots,20,5,5,0,10,0.5,35,40,1.05,0.95,11,20,0.0166449050002484,0.023080425999978615,0.03979943700051081,0.9999997521918774,0.9999750667998379,0.9999999999999996,0.5250000000000001,0.4749999999999998,0.0,0.0,0.0,0.0,0.2,ok,
voter_contrarians,20,0,0,10,10,0.5,35,40,1.05,0.95,121,616,0.017175057999338605,0.019336264000230585,0.036595448999833025,0.9999999999814436,0.9999999999891402,0.9999999999999998,0.504411764705882,0.49558823529411766,0.0,0.0,0.0,0.0,0.11764705882352941,ok,
crossinh_zealots,20,5,5,0,10,0.5,35,40,1.05,0.95,66,220,0.021403684000688372,0.021902569999838306,0.043375391000154195,0.9901335572431165,0.9056443766623719,0.9999999999992178,0.5556730567906724,0.4443269432085462,0.0,0.0,0.0,0.0,0.9904485871093265,ok,
crossinh_contrarians,20,0,0,10,10,0.5,35,40,1.05,0.95,726,4668,0.024732007999773487,0.03189742499944259,0.05673258999922837,0.9999872071311692,0.999987004572692,0.9999999999999998,0.49411268366956695,0.5058873163304327,0.0,0.0,0.0,0.0,0.2724011451622408,ok,
voter_zealots,20,6,6,0,12,0.6,35,40,1.05,0.95,9,16,0.01927535300001182,0.026431753999531793,0.045778814000186685,0.9999998901376165,0.9999918140364071,1.0,0.5249999999999997,0.4749999999999999,0.0,0.0,0.0,0.0,0.25,ok,
voter_contrarians,20,0,0,12,12,0.6,35,40,1.05,0.95,117,596,0.020640880999962974,0.020589508999364625,0.04130523899948457,0.9999999999986336,0.9999999999998538,1.0000000000000002,0.5003164556962028,0.49968354430379713,0.0,0.0,0.0,0.0,0.1265822784810127,ok,
crossinh_zealots,20,6,6,0,12,0.6,35,40,1.05,0.95,45,144,0.018967010000778828,0.018036347999441205,0.037068812000143225,0.9962512516662217,0.957087804620223,0.9999999999999213,0.5540660238426575,0.4459339761572632,0.0,0.0,0.0,0.0,1.112916678397919,ok,
crossinh_contrarians,20,0,0,12,12,0.6,35,40,1.05,0.95,585,3694,0.022673532999760937,0.031431711999175604,0.054261637999843515,0.9999998163882559,0.9999999509165892,1.0000000000000002,0.48849261554516366,0.5115073844548368,0.0,0.0,0.0,0.0,0.25073359386552274,ok,
voter_zealots,30,0,0,0,0,0.0,35,40,1.05,0.95,31,60,0.019165133000569767,0.022050323999792454,0.041278320999481366,0.9502961195958957,0.7779068008483419,0.9999999999999994,0.549875311720698,0.4501246882793023,0.7714843414666133,0.16570281351820834,0.7435587509652691,0.16570281351820834,0.2665954162213514,ok,
voter_contrarians,30,0,0,0,0,0.0,35,40,1.05,0.95,31,60,0.016949177000242344,0.021007350999752816,0.03804363800009014,0.9502961195958957,0.7779068008483419,0.9999999999999994,0.549875311720698,0.4501246882793023,0.7714843414666133,0.16570281351820834,0.7435587509652691,0.16570281351820834,0.2665954162213514,ok,
crossinh_zealots,30,0,0,0,0,0.0,35,40,1.05,0.95,495,1742,0.0180222919998414,0.024371136999434384,0.04248108000047068,0.7274842630014162,0.44799534871397884,0.999999971510071,0.609459391009057,0.3905405805010144,0.6749090489804191,0.3259924851362528,0.6747343906193127,0.32541902268870604,1.7274148640833185,ok,
crossinh_contrarians,30,0,0,0,0,0.0,35,40,1.05,0.95,495,1742,0.019012468000255467,0.02665406100004475,0.045762604000628926,0.7274842630014162,0.44799534871397884,0.999999971510071,0.609459391009057,0.3905405805010144,0.6749090489804191,0.3259924851362528,0.6747343906193127,0.32541902268870604,1.7274148640833185,ok,
voter_zealots,30,2,2,0,4,0.13333333333333333,35,40,1.05,0.95,27,52,0.018325887999708357,0.016229606000706553,0.03461848300048587,0.9993032153610437,0.9587000426931165,0.9999999999999994,0.5501304660788192,0.44986953392118023,0.0,0.0,0.0,0.0,0.31090940393959104,ok,
voter_contrarians,30,0,0,4,4,0.13333333333333333,35,40,1.05,0.95,135,628,0.019761696999921696,0.016978736999590183,0.03683292900041124,0.9999653272454359,0.9974215431172218,1.0000000000000002,0.5373555638377621,0.46264443616223744,0.0,0.0,0.0,0.0,0.27267178877831744,ok,
crossinh_zealots,30,2,2,0,4,0.13333333333333333,35,40,1.05,0.95,378,1404,0.0238410029996885,0.017300880999755464,0.04125736400055757,0.7682039448965806,0.4724935658189424,0.9999999411180291,0.6059785742178299,0.3940213669002,0.7024164764167321,0.29834326537582556,0.7017422708254828,0.0,1.7116328854138831,ok,
crossinh_contrarians,30,0,0,4,4,0.13333333333333333,35,40,1.05,0.95,1890,11992,0.027577386999837472,0.05290533500010497,0.08061976899989531,0.8405090956382065,0.6000126181709263,0.9999999719971332,0.5594545675346455,0.44054540446248713,0.0,0.0,0.0,0.0,1.165294308443244,ok,
voter_zealots,30,3,3,0,6,0.2,35,40,1.05,0.95,25,48,0.021005798999794933,0.008944568000515574,0.030018042999472527,0.9998524560821326,0.9839264213156879,0.9999999999999989,0.5502901023890784,0.4497098976109214,0.0,0.0,0.0,0.0,0.3390929960255899,ok,
voter_contrarians,30,0,0,6,6,0.2,35,40,1.05,0.95,175,872,0.017689328999949794,0.022123126000224147,0.03988573499918857,0.9999966294860627,0.9998004942905244,1.000000000000001,0.5307765959379608,0.46922340406203883,0.0,0.0,0.0,0.0,0.2740656352569977,ok,
crossinh_zealots,30,3,3,0,6,0.2,35,40,1.05,0.95,325,1200,0.01960074600083317,0.025880231999508396,0.04558898899995256,0.8066806102735561,0.49399884047586995,0.9999999420585993,0.6033612178607557,0.3966387241978435,0.7169161916786924,0.0,0.0,0.0,1.6920334124163838,ok,
crossinh_contrarians,30,0,0,6,6,0.2,35,40,1.05,0.95,2275,15154,0.029994409999744676,0.05411274199923355,0.08424809899952379,0.9342195990937887,0.7562157969596904,0.9999999952069158,0.5388072152565937,0.46119277995032204,0.0,0.0,0.0,0.0,0.8998887119736484,ok,
voter_zealots,30,4,4,0,8,0.26666666666666666,35,40,1.05,0.95,23,44,0.017417541000213532,0.025950859999284148,0.04343571899971721,0.9999577318167894,0.993470966989219,0.9999999999999993,0.5504789272030656,0.4495210727969351,0.0,0.0,0.0,0.0,0.37289707419017776,ok,
voter_contrarians,30,0,0,8,8,0.26666666666666666,35,40,1.05,0.95,207,1068,0.020883967999907327,0.021401186000730377,0.0424180959998921,0.9999994974392058,0.9999843777051012,0.9999999999999991,0.5241169698064947,0.4758830301935048,0.0,0.0,0.0,0.0,0.2742850240221509,ok,
crossinh_zealots,30,4,4,0,8,0.26666666666666666,35,40,1.05,0.95,276,1012,0.02079861800029903,0.028278083999794035,0.04917395000029501,0.8661857619820864,0.5315537289199205,0.9999999564909655,0.6002594450861258,0.39974051140483996,0.0,0.0,0.0,0.0,1.668099752564328,ok,
crossinh_contrarians,30,0,0,8,8,0.26666666666666666,35,40,1.05,0.95,2484,16932,0.03151811899988388,0.06110702800015133,0.09280110400050035,0.9785491752717004,0.902322404666273,0.9999999997886453,0.5224586555431089,0.4775413442455372,0.0,0.0,0.0,0.0,0.6869263864076052,ok,
voter_zealots,30,6,6,0,12,0.4,35,40,1.05,0.95,19,36,0.017540273000122397,0.018680424000194762,0.03630500300005224,0.9999919048350189,0.9985607008259838,0.9999999999999992,0.5509833289919245,0.44901667100807474,0.0,0.0,0.0,0.0,0.46577025628780616,ok,
voter_contrarians,30,0,0,12,12,0.4,35,40,1.05,0.95,247,1316,0.019313116000375885,0.02323677000003954,0.04264329500074382,0.9999999752896587,0.9999998911981843,1.0000000000000004,0.5109620964311458,0.4890379035688556,0.0,0.0,0.0,0.0,0.2710467370116276,ok,
crossinh_zealots,30,6,6,0,12,0.4,35,40,1.05,0.95,190,684,0.019171762999576458,0.018720467000093777,0.03797510999993392,0.9628217475335066,0.691373115816789,0.9999999890941553,0.5932607734505603,0.4067392156435948,0.0,0.0,0.0,0.0,1.6305524831628762,ok,
crossinh_contrarians,30,0,0,12,12,0.4,35,40,1.05,0.95,2470,17104,0.02904803000001266,0.05841764300021168,0.08764565900037269,0.9987465261216801,0.99590431483502,0.9999999999999979,0.500914990873778,0.49908500912621934,0.0,0.0,0.0,0.0,0.42815468749664115,ok,
voter_zealots,30,8,8,0,16,0.5333333333333333,35,40,1.05,0.95,15,28,0.019094666999990295,0.02105639900037204,0.04021417300009489,0.999994817447996,0.9994063611540545,0.9999999999999993,0.5517785234899323,0.44822147651006683,0.0,0.0,0.0,0.0,0.6202900287631833,ok,
voter_contrarians,30,0,0,16,16,0.5333333333333333,35,40,1.05,0.95,255,1372,0.019625109999651613,0.021582430000307795,0.041305304000161414,0.9999999978025264,0.9999999990778249,0.9999999999999992,0.4986673369675092,0.5013326630324902,0.0,0.0,0.0,0.0,0.26271897860528787,ok,
crossinh_zealots,30,8,8,0,16,0.5333333333333333,35,40,1.05,0.95,120,420,0.019188629999916884,0.017851073000201723,0.03711312999985239,0.990095442508694,0.8570025161672957,0.9999999986067994,0.5866258522075589,0.4133741463992402,0.0,0.0,0.0,0.0,1.675359214014693,ok,
crossinh_contrarians,30,0,0,16,16,0.5333333333333333,35,40,1.05,0.95,2040,14044,0.026318389999687497,0.04351971699998103,0.06998209900029906,0.9999823727978971,0.9999849000568859,0.9999999999999992,0.4887188559024224,0.5112811440975771,0.0,0.0,0.0,0.0,0.3124422345238892,ok,
voter_zealots,30,9,9,0,18,0.6,35,40,1.05,0.95,13,24,0.016344071000276017,0.012980890999642725,0.029401193000012427,0.9999928818860222,0.9994608196252667,1.000000000000001,0.5523769849049209,0.4476230150950798,0.0,0.0,0.0,0.0,0.7436834280859964,ok,
voter_contrarians,30,0,0,18,18,0.6,35,40,1.05,0.95,247,1328,0.017334183000457415,0.015596299999742769,0.033008765999511525,0.9999999992635697,0.9999999999084258,1.0000000000000004,0.493057554095774,0.5069424459042255,0.0,0.0,0.0,0.0,0.25654148264220333,ok,
crossinh_zealots,30,9,9,0,18,0.6,35,40,1.05,0.95,91,312,0.017721359000461234,0.01917832199978875,0.036983148000217625,0.9939246550203596,0.9054377913269567,0.9999999992539665,0.5840447248191628,0.4159552744348037,0.0,0.0,0.0,0.0,1.7750978540602236,ok,
crossinh_contrarians,30,0,0,18,18,0.6,35,40,1.05,0.95,1729,11782,0.028026333000525483,0.039404604000083054,0.06756073599990486,0.9999988837682587,0.9999996631628258,1.0,0.48453245580560067,0.5154675441943994,0.0,0.0,0.0,0.0,0.27983283385287444,ok,
voter_zealots,50,0,0,0,0,0.0,35,40,1.05,0.95,51,100,0.01847284599989507,0.0171116780002194,0.03565001099923393,0.97575748461427,0.7226779599362166,0.9999999999999981,0.5745037220843664,0.4254962779156326,0.8293958017179,0.06113678708757842,0.7463541570605621,0.06113678708757842,0.3583851080970511,ok,
voter_contrarians,50,0,0,0,0,0.0,35,40,1.05,0.95,51,100,0.017068750000362343,0.012303524000344623,0.029452652000145463,0.97575748461427,0.7226779599362166,0.9999999999999981,0.5745037220843664,0.4254962779156326,0.8293958017179,0.06113678708757842,0.7463541570605621,0.06113678708757842,0.3583851080970511,ok,
crossinh_zealots,50,0,0,0,0,0.0,35,40,1.05,0.95,1325,4902,0.018997672000296006,0.04484487900026579,0.0639602700002797,0.738298613882021,0.32862076554598685,0.9999987586245994,0.6872696120188702,0.31272914660573015,0.7231214077724742,0.2770258949332468,0.723104360500256,0.2769103198600288,3.1899166280638114,ok,
crossinh_contrarians,50,0,0,0,0,0.0,35,40,1.05,0.95,1325,4902,0.021563575999607565,0.04516314800002874,0.06685972400009632,0.738298613882021,0.32862076554598685,0.9999987586245994,0.6872696120188702,0.31272914660573015,0.7231214077724742,0.2770258949332468,0.723104360500256,0.2769103198600288,3.1899166280638114,ok,
voter_zealots,50,3,3,0,6,0.12,35,40,1.05,0.95,45,88,0.017545159999826865,0.01093812799990701,0.028562214999510616,0.9995360602022967,0.9069626970864447,1.0000000000000004,0.5750404345468886,0.42495956545311164,0.0,0.0,0.0,0.0,0.4133559489777409,ok,
voter_contrarians,50,0,0,6,6,0.12,35,40,1.05,0.95,315,1592,0.018760132000352314,0.023666695000429172,0.04251922799994645,0.9999599590476225,0.9889431027724648,1.000000000000001,0.5574781219599587,0.4425218780400411,0.0,0.0,0.0,0.0,0.3677061923471559,ok,
crossinh_zealots,50,3,3,0,6,0.12,35,40,1.05,0.95,1035,3960,0.023504165999838733,0.043973889999506355,0.06759145100022579,0.7718027091514436,0.33583716151508974,0.999994177752737,0.6882639697685319,0.3117302079842057,0.7504055058674137,0.24986312968230262,0.750241068075271,0.24906712549790155,3.297568550788891,ok,
crossinh_contrarians,50,0,0,6,6,0.12,35,40,1.05,0.95,7245,49774,0.0543948710001132,0.1977756030000819,0.2525063169996429,0.7999126121410295,0.43023852553384656,0.9999897090474695,0.6303736242733786,0.3696160847740895,0.00012748700116813844,0.0,0.0,0.0,2.732270698253915,ok,
voter_zealots,50,5,5,0,10,0.2,35,40,1.05,0.95,41,80,0.01650207600050635,0.014843187999758811,0.03150095900036831,0.9999206239942307,0.9631551654610184,1.0000000000000002,0.5754895692555158,0.42451043074448436,0.0,0.0,0.0,0.0,0.4604235516376376,ok,
voter_contrarians,50,0,0,10,10,0.2,35,40,1.05,0.95,451,2416,0.020621243999812577,0.02452568999979121,0.04524083500018605,0.9999963437220917,0.9992881252514894,1.0000000000000002,0.5453342083134439,0.45466579168655485,0.0,0.0,0.0,0.0,0.36985095620115843,ok,
crossinh_zealots,50,5,5,0,10,0.2,35,40,1.05,0.95,861,3280,0.02284596000026795,0.033494846999928996,0.056517658999837295,0.8110489065508873,0.34978060338664296,0.9999891485111628,0.6857244548388002,0.31426469367236193,0.7804734611612342,0.0,0.7783554282123765,0.0,3.3193840116991615,ok,
crossinh_contrarians,50,0,0,10,10,0.2,35,40,1.05,0.95,9471,67818,0.0660761069993896,0.23402175699993677,0.3004522420005742,0.906064705713927,0.5823116046218626,0.9999931058597039,0.5850222454339244,0.41497086042577835,0.0,0.0,0.0,0.0,2.1178920638762406,ok,
voter_zealots,50,6,6,0,12,0.24,35,40,1.05,0.95,39,76,0.015048207000290859,0.007420048999847495,0.02253590200052713,0.9999599598984298,0.9765698485620516,0.9999999999999987,0.5757503628475326,0.42424963715246694,0.0,0.0,0.0,0.0,0.48821271009815004,ok,
voter_contrarians,50,0,0,12,12,0.24,35,40,1.05,0.95,507,2756,0.02163538799959497,0.023382784000204992,0.04520192000018142,0.9999985567135938,0.9998235023233194,0.9999999999999986,0.5391669640138658,0.46083303598613345,0.0,0.0,0.0,0.0,0.36964032728933166,ok,
crossinh_zealots,50,6,6,0,12,0.24,35,40,1.05,0.95,780,2964,0.022231614000702393,0.02984864700010803,0.05218210199927853,0.8406654903989605,0.3616829044868983,0.9999869922645733,0.6833239580952044,0.3166630341693698,0.7918969649171318,0.0,0.0,0.0,3.3113581573929425,ok,
crossinh_contrarians,50,0,0,12,12,0.24,35,40,1.05,0.95,10140,73324,0.06862819400066655,0.2535529120004867,0.3225523520004572,0.9431675500888195,0.6948634597544476,0.9999970092980907,0.5638033664921757,0.43619364280591544,0.0,0.0,0.0,0.0,1.780755902913685,ok,
voter_zealots,50,10,10,0,20,0.4,35,40,1.05,0.95,31,60,0.016175259000192455,0.007057652000185044,0.023298662999877706,0.9999916207075424,0.9947465652771055,0.9999999999999998,0.5771505504119873,0.42284944958801146,0.0,0.0,0.0,0.0,0.6434696115371792,ok,
voter_contrarians,50,0,0,20,20,0.4,35,40,1.05,0.95,651,3636,0.02242503200068313,0.02567852900028811,0.0482041860004756,0.9999999066296232,0.9999993241638641,0.9999999999999979,0.515008304678232,0.4849916953217657,0.0,0.0,0.0,0.0,0.3606260783820527,ok,
crossinh_zealots,50,10,10,0,20,0.4,35,40,1.05,0.95,496,1860,0.01772778299982747,0.02038141100001667,0.038218857000174467,0.9582265908379893,0.4965038260066078,0.999988991314152,0.6672225939505956,0.33276639736355634,0.0,0.0,0.0,0.0,3.169597496851071,ok,
crossinh_contrarians,50,0,0,20,20,0.4,35,40,1.05,0.95,10416,76388,0.0696964669996305,0.3034108100000594,0.37349056800030667,0.9949476711951701,0.9782967995794952,0.9999999995851704,0.5051146481170266,0.49488535146814533,0.0,0.0,0.0,0.0,0.7817132309755942,ok,
voter_zealots,50,13,13,0,26,0.52,35,40,1.05,0.95,25,48,0.01583433799987688,0.009377168000355596,0.025354592999974557,0.9999908842790999,0.9970022187766058,0.9999999999999978,0.5788327821373523,0.42116721786264616,0.0,0.0,0.0,0.0,0.844634326892183,ok,
voter_contrarians,50,0,0,26,26,0.52,35,40,1.05,0.95,675,3792,0.018389918000139005,0.022012813000401366,0.040501792000213754,0.9999999800092151,0.9999999891126051,1.000000000000001,0.49859425742481517,0.5014057425751856,0.0,0.0,0.0,0.0,0.346758637300063,ok,
crossinh_zealots,50,13,13,0,26,0.52,35,40,1.05,0.95,325,1200,0.019556813000235707,0.017253931000595912,0.03691449000052671,0.9839576215877566,0.6754474615201173,0.9999951118779169,0.6525091829705312,0.3474859289073857,0.0,0.0,0.0,0.0,3.0781068090421186,ok,
crossinh_contrarians,50,0,0,26,26,0.52,35,40,1.05,0.95,8775,64154,0.059906946000410244,0.23098258200025157,0.2912424230007673,0.9997556876059018,0.9996663451361495,1.0000000000000007,0.48492935232458706,0.5150706476754123,0.0,0.0,0.0,0.0,0.479517729621804,ok,
voter_zealots,50,15,15,0,30,0.6,35,40,1.05,0.95,21,40,0.01829476100010652,0.013843703000020469,0.03229296500012424,0.9999807723743751,0.9969121741839801,0.999999999999999,0.5805348828845817,0.41946511711541723,0.0,0.0,0.0,0.0,1.0664434570455323,ok,
voter_contrarians,50,0,0,30,30,0.6,35,40,1.05,0.95,651,3656,0.019468610000330955,0.03161814199938817,0.05118729600053484,0.9999999922146234,0.9999999992902177,1.0000000000000007,0.4888934813950787,0.5111065186049213,0.0,0.0,0.0,0.0,0.33539148618438597,ok,
crossinh_zealots,50,15,15,0,30,0.6,35,40,1.05,0.95,231,840,0.017094507999900088,0.01862380399961694,0.03580132800016145,0.9888889595899274,0.7660639323688734,0.9999960124185107,0.644718025111103,0.3552779873074087,0.0,0.0,0.0,0.0,3.1824004520776596,ok,
crossinh_contrarians,50,0,0,30,30,0.6,35,40,1.05,0.95,7161,51958,0.049679022999953304,0.17996613699961017,0.22992675400018925,0.9999861119927406,0.9999950667039404,1.0000000000000007,0.4771788090707317,0.5228211909292682,0.0,0.0,0.0,0.0,0.38945446830858016,ok,
voter_zealots,80,0,0,0,0,0.0,35,40,1.05,0.95,81,160,0.014747956000064733,0.011231007999413123,0.02605777600001602,0.9913659613399313,0.6643106701825945,1.0000000000000007,0.5987678647298953,0.40123213527010254,0.9124138438102227,0.012920816738363955,0.8149987876080845,0.012920816738363955,0.39569224546642306,ok,
voter_contrarians,80,0,0,0,0,0.0,35,40,1.05,0.95,81,160,0.017128139000305964,0.011667202999888104,0.02888884300045902,0.9913659613399313,0.6643106701825945,1.0000000000000007,0.5987678647298953,0.40123213527010254,0.9124138438102227,0.012920816738363955,0.8149987876080845,0.012920816738363955,0.39569224546642306,ok,
crossinh_zealots,80,0,0,0,0,0.0,35,40,1.05,0.95,3320,12642,0.022738349000064773,0.14620800400007283,0.16910578599981818,0.7770463572993047,0.239290391070388,0.9999929829386298,0.7631886388911419,0.23680434404748885,0.7745966774584702,0.22541861926537907,0.7745945587880576,0.2253856302333706,4.4883153143436765,ok,
crossinh_contrarians,80,0,0,0,0,0.0,35,40,1.05,0.95,3320,12642,0.028969957000299473,0.1326805280004919,0.16183756000009453,0.7770463572993047,0.239290391070388,0.9999929829386298,0.7631886388911419,0.23680434404748885,0.7745966774584702,0.22541861926537907,0.7745945587880576,0.2253856302333706,4.4883153143436765,ok,
voter_zealots,80,4,4,0,8,0.1,35,40,1.05,0.95,73,144,0.01562994100004289,0.008243481999670621,0.023947642000166525,0.9997540156510583,0.819824122726109,0.9999999999999977,0.5994378704565203,0.4005621295434775,0.0,0.0,0.0,0.0,0.4458411187155096,ok,
voter_contrarians,80,0,0,8,8,0.1,35,40,1.05,0.95,657,3468,0.020788831000572827,0.0323652580000271,0.053323934999752964,0.9999678812050738,0.9593364450417989,1.0,0.5801005017876081,0.4198994982123921,0.0,0.0,0.0,0.0,0.4059397642573631,ok,
crossinh_zealots,80,4,4,0,8,0.1,35,40,1.05,0.95,2701,10512,0.029454053999870666,0.10532658099964465,0.13494315200023266,0.8023274841260086,0.22900163606300808,0.9999568898780099,0.7748272079852144,0.2251296818927941,0.7986024540343037,0.20125103990003052,0.7985743354336989,0.20103133671366144,4.84842759104889,ok,
crossinh_contrarians,80,0,0,8,8,0.1,35,40,1.05,0.95,24309,174182,0.13347952499952953,1.355117471000085,1.4895673060000263,0.8017301046212663,0.2778904425325683,0.9998497978672816,0.7341958726963066,0.2656539251709755,0.7898660568720702,0.20611256817733994,0.7894157801750615,0.0,4.870814409035457,ok,
voter_zealots,80,8,8,0,16,0.2,35,40,1.05,0.95,65,128,0.019911794000108785,0.016534851999495004,0.036516838000352436,0.9999743433735218,0.9311282858332973,0.9999999999999992,0.6002796965555982,0.3997203034444008,0.0,0.0,0.0,0.0,0.5105058491261887,ok,
voter_contrarians,80,0,0,16,16,0.2,35,40,1.05,0.95,1105,6172,0.021857362999980978,0.045047268999951484,0.06703636099973664,0.9999979881607342,0.9983443663846635,0.9999999999999997,0.5598962025151548,0.4401037974848441,0.0,0.0,0.0,0.0,0.40974059061206036,ok,
crossinh_zealots,80,8,8,0,16,0.2,35,40,1.05,0.95,2145,8320,0.0274590029994215,0.0727735099999336,0.10037272599947755,0.8437529117269926,0.22510122419731993,0.9998344572783548,0.7824097823831517,0.21742467489520423,0.8357429595731396,0.157048604668739,0.834976217224381,0.0,5.180866908915919,ok,
crossinh_contrarians,80,0,0,16,16,0.2,35,40,1.05,0.95,36465,272094,0.1947568539999338,1.420754282999951,1.6176038829999015,0.8929348679456781,0.39485494070752686,0.9994680500556912,0.6715743600399638,0.3278936900157307,0.0,0.0,0.0,0.0,4.499406250045562,ok,
voter_zealots,80,10,10,0,20,0.25,35,40,1.05,0.95,61,120,0.02059808299964061,0.009349590000056196,0.0301026710003498,0.9999881757331714,0.9578677303498552,0.9999999999999989,0.6007870370556748,0.39921296294432435,0.0,0.0,0.0,0.0,0.5503985303107971,ok,
voter_contrarians,80,0,0,20,20,0.25,35,40,1.05,0.95,1281,7236,0.020598418999725254,0.04298608899989631,0.06372272099997645,0.9999992017008972,0.999699015642578,1.0,0.5495604776631597,0.45043952233684,0.0,0.0,0.0,0.0,0.4090827650499999,ok,
crossinh_zealots,80,10,10,0,20,0.25,35,40,1.05,0.95,1891,7320,0.02490176599985716,0.06082828899980086,0.08587420000003476,0.874968811124411,0.2284915827700355,0.9997273811695221,0.7831811190156464,0.21654626215387549,0.8579653679108332,0.0,0.8488062532942043,0.0,5.312607744954832,ok,
crossinh_contrarians,80,0,0,20,20,0.25,35,40,1.05,0.95,39711,298538,0.21377753900014795,1.5742720070002179,1.789536226000564,0.9292127425466633,0.5180732408312794,0.9995406815491019,0.6306028946958732,0.36893778685322726,0.0,0.0,0.0,0.0,3.9185922621881915,ok,
voter_zealots,80,16,16,0,32,0.4,35,40,1.05,0.95,49,96,0.01399175899950933,0.008921919999920647,0.023005062000265752,0.9999961258028258,0.9877369233156518,0.9999999999999989,0.6028324731344387,0.3971675268655607,0.0,0.0,0.0,0.0,0.7186876650152395,ok,
voter_contrarians,80,0,0,32,32,0.4,35,40,1.05,0.95,1617,9276,0.02168629400057398,0.04667091999999684,0.06848930500018469,0.9999998787479548,0.999998448012359,1.0000000000000007,0.5192981767760442,0.4807018232239543,0.0,0.0,0.0,0.0,0.3974416069429935,ok,
crossinh_zealots,80,16,16,0,32,0.4,35,40,1.05,0.95,1225,4704,0.023673165000218432,0.03757973600022524,0.0613773939994644,0.9603371263190565,0.2951306877549681,0.9994052193615585,0.7696518380331588,0.22975338132839954,0.0,0.0,0.0,0.0,5.44243301728693,ok,
crossinh_contrarians,80,0,0,32,32,0.4,35,40,1.05,0.95,40425,306254,0.22551738200036198,1.6028909489996295,1.8303110340002604,0.9818582726979083,0.9115926965329606,0.9999954045218749,0.5229939177983842,0.4770014867234899,0.0,0.0,0.0,0.0,1.7615171315710285,ok,
voter_zealots,80,20,20,0,40,0.5,35,40,1.05,0.95,41,80,0.01901821200044651,0.01820811000015965,0.0373134179999397,0.9999949780899406,0.9922189524052679,1.0000000000000004,0.604901896871498,0.3950981031285004,0.0,0.0,0.0,0.0,0.9021404246265702,ok,
voter_contrarians,80,0,0,40,40,0.5,35,40,1.05,0.95,1681,9676,0.02800425500026904,0.054785551999884774,0.08293301999947289,0.9999999515478087,0.99999995703816,0.9999999999999998,0.5009007940686587,0.4990992059313392,0.0,0.0,0.0,0.0,0.3829949557274064,ok,
crossinh_zealots,80,20,20,0,40,0.5,35,40,1.05,0.95,861,3280,0.02272055100002035,0.03076156700080901,0.0535987400007798,0.9765378260767064,0.41351323251683075,0.9994252591285655,0.7504156139152769,0.2490096452132889,0.0,0.0,0.0,0.0,5.327343496581601,ok,
crossinh_contrarians,80,0,0,40,40,0.5,35,40,1.05,0.95,35301,267078,0.19456685800014384,1.371384795999802,1.5673123739998118,0.9968819969365499,0.9933512755612514,0.9999999991317282,0.4849323958247407,0.5150676033069861,0.0,0.0,0.0,0.0,0.9579874962042753,ok,
voter_zealots,80,24,24,0,48,0.6,35,40,1.05,0.95,33,64,0.01539057399986632,0.01628503899974021,0.031743191999339615,0.9999840362760096,0.9922022732682282,0.9999999999999968,0.6080456244623592,0.39195437553763873,0.0,0.0,0.0,0.0,1.209773395582539,ok,
voter_contrarians,80,0,0,48,48,0.6,35,40,1.05,0.95,1617,9308,0.024161210999409377,0.0620626509999056,0.08635708100064221,0.9999999793625589,0.9999999988623534,1.0000000000000002,0.4846257535813048,0.5153742464186944,0.0,0.0,0.0,0.0,0.36496872437968936,ok,
crossinh_zealots,80,24,24,0,48,0.6,35,40,1.05,0.95,561,2112,0.02235609699982888,0.027944440999817743,0.0504059260001668,0.9801154014133903,0.5345640757822603,0.9993865415699528,0.7323372071277774,0.2670493344421756,0.0,0.0,0.0,0.0,5.435229697059548,ok,
crossinh_contrarians,80,0,0,48,48,0.6,35,40,1.05,0.95,27489,206782,0.15171034400009376,0.9284756449997076,1.0809755720001704,0.9998238191159956,0.999927566747486,1.0000000000000002,0.46557684532774846,0.5344231546722503,0.0,0.0,0.0,0.0,0.6236757351011146,ok,
voter_zealots,100,0,0,0,0,0.0,35,40,1.05,0.95,101,200,0.015595853999911924,0.012725186999887228,0.02842552899983275,0.9949026030739918,0.6031871740118351,0.9999999999999978,0.6225573915429392,0.37744260845705807,0.9460151659889866,0.00454151153310132,0.8670601619029894,0.00454151153310132,0.49101964787983343,ok,
voter_contrarians,100,0,0,0,0,0.0,35,40,1.05,0.95,101,200,0.017357140999592957,0.01957012599996233,0.03704959200058511,0.9949026030739918,0.6031871740118351,0.9999999999999978,0.6225573915429392,0.37744260845705807,0.9460151659889866,0.00454151153310132,0.8670601619029894,0.00454151153310132,0.49101964787983343,ok,
crossinh_zealots,100,0,0,0,0,0.0,35,40,1.05,0.95,5150,19802,0.030517701000462694,0.24411323000003904,0.2749288790000719,0.8016875665649378,0.20480660704390802,0.9999890544782302,0.7959360227040146,0.20405303177421663,0.800937238610284,0.1990516396926178,0.8009359843109428,0.19904105477121337,4.954362626294812,ok,
crossinh_contrarians,100,0,0,0,0,0.0,35,40,1.05,0.95,5150,19802,0.030310704999465088,0.22550075799972547,0.256056195000383,0.8016875665649378,0.20480660704390802,0.9999890544782302,0.7959360227040146,0.20405303177421663,0.800937238610284,0.1990516396926178,0.8009359843109428,0.19904105477121337,4.954362626294812,ok,
voter_zealots,100,5,5,0,10,0.1,35,40,1.05,0.95,91,180,0.017741083000146318,0.020521684999948775,0.038338284000019485,0.999848649362766,0.7553376753614728,0.9999999999999981,0.6236051235580135,0.3763948764419855,0.0,0.0,0.0,0.0,0.5553183271344128,ok,
voter_contrarians,100,0,0,10,10,0.1,35,40,1.05,0.95,1001,5416,0.024698947999240772,0.03917537999950582,0.06399362899992411,0.9999748066257922,0.9337981686983762,1.000000000000001,0.5998053473502817,0.4001946526497176,0.0,0.0,0.0,0.0,0.5079144816518646,ok,
crossinh_zealots,100,5,5,0,10,0.1,35,40,1.05,0.95,4186,16380,0.03770773399992322,0.18728350099991076,0.2260209729993221,0.8268989769008838,0.1882463812537294,0.9999204580006764,0.8128993964517082,0.18702106154896805,0.8256613259496655,0.17407794167503698,0.8256379876330042,0.17395994274857782,5.457128826830804,ok,
crossinh_contrarians,100,0,0,10,10,0.1,35,40,1.05,0.95,46046,337068,0.24205312600042816,3.7537634130003426,3.998578711999471,0.8214808418567102,0.2243118951163768,0.999664294254795,0.7802643427775038,0.21939995147728925,0.8161798458956566,0.18026496264633143,0.8158557415724723,0.1785182801207651,5.820236970240773,ok,
voter_zealots,100,10,10,0,20,0.2,35,40,1.05,0.95,81,160,0.015395143999739958,0.00793160099965462,0.02340803999959462,0.9999808717942014,0.8900534441015393,1.0000000000000007,0.6249232095925737,0.37507679040742514,0.0,0.0,0.0,0.0,0.6389015840341632,ok,
voter_contrarians,100,0,0,20,20,0.2,35,40,1.05,0.95,1701,9636,0.022423130999413843,0.0582816450005339,0.08089000800009671,0.9999974147163952,0.9962851924950656,0.9999999999999999,0.5748052880238512,0.4251947119761481,0.0,0.0,0.0,0.0,0.5161588513916616,ok,
crossinh_zealots,100,10,10,0,20,0.2,35,40,1.05,0.95,3321,12960,0.033363204000124824,0.14387617399916053,0.177416163000089,0.866290241561183,0.17476054912975514,0.9996445073469237,0.8276223772040815,0.172022130142843,0.8626081430697934,0.1314211088934969,0.8621355106346638,0.12620917675180895,5.990277358089797,ok,
crossinh_contrarians,100,0,0,20,20,0.2,35,40,1.05,0.95,69741,527638,0.3821023660002538,3.604655883000305,3.9888664250001966,0.8944400570892099,0.30631508953581094,0.997978665511955,0.7270156080929921,0.2709630574189637,0.0,0.0,0.0,0.0,6.079902622093308,ok,
voter_zealots,100,13,13,0,26,0.26,35,40,1.05,0.95,75,148,0.017660882999734895,0.018270667999786383,0.03600478599946655,0.9999909657036239,0.9327123961425807,0.9999999999999978,0.6258907084350113,0.3741092915649867,0.0,0.0,0.0,0.0,0.7022534201105194,ok,
voter_contrarians,100,0,0,26,26,0.26,35,40,1.05,0.95,2025,11592,0.025154642999950738,0.0775122970007942,0.10282317800010787,0.9999988167174623,0.9994257774850774,1.0,0.5593240216363506,0.44067597836364814,0.0,0.0,0.0,0.0,0.5165280040162811,ok,
crossinh_zealots,100,13,13,0,26,0.26,35,40,1.05,0.95,2850,11100,0.027553031999559607,0.09386922600060643,0.12161679800010461,0.9003299197210854,0.1720117500373514,0.9992917288897786,0.8325097737454304,0.1667819551443488,0.8884613469716421,0.0,0.8830479553765271,0.0,6.2910872230268176,ok,
crossinh_contrarians,100,0,0,26,26,0.26,35,40,1.05,0.95,76950,586204,0.4189397090003695,4.025853866999569,4.4478624040002614,0.9245103431653701,0.4327526907245392,0.9975309964986889,0.6730864551305367,0.32444454136815176,0.0,0.0,0.0,0.0,5.522350924846686,ok,
voter_zealots,100,20,20,0,40,0.4,35,40,1.05,0.95,61,120,0.01601473899972916,0.014950519999729295,0.031039297000461374,0.9999947885568294,0.9731205662589436,0.9999999999999989,0.6289289347215345,0.3710710652784631,0.0,0.0,0.0,0.0,0.9130692046664387,ok,
voter_contrarians,100,0,0,40,40,0.4,35,40,1.05,0.95,2501,14476,0.027359800999875006,0.08912623200012604,0.11668276700038405,0.9999995931748418,0.9999937529543039,1.0000000000000004,0.5239132573628895,0.47608674263710965,0.0,0.0,0.0,0.0,0.5043894752375206,ok,
crossinh_zealots,100,20,20,0,40,0.4,35,40,1.05,0.95,1891,7320,0.031119970999498037,0.05486632600059238,0.08613815700027772,0.9636902425148941,0.20686354169102888,0.9980064269837012,0.8251682241373499,0.17283820284635312,0.0,0.0,0.0,0.0,6.751488992561056,ok,
crossinh_contrarians,100,0,0,40,40,0.4,35,40,1.05,0.95,77531,593778,0.4263914309995016,3.725019819999943,4.1564441529999385,0.9669572248151558,0.8401360593961,0.9998649352239897,0.5424535375762867,0.457411397647705,0.0,0.0,0.0,0.0,2.7675678738970624,ok,
voter_zealots,100,25,25,0,50,0.5,35,40,1.05,0.95,51,100,0.020348127000033855,0.007401935000416415,0.02787193699987256,0.9999903935794349,0.9801969063616631,1.0,0.6321818736370515,0.3678181263629474,0.0,0.0,0.0,0.0,1.160970388055505,ok,
voter_contrarians,100,0,0,50,50,0.5,35,40,1.05,0.95,2601,15096,0.029413497999485116,0.0886323849999826,0.11822523800037743,0.9999997556002633,0.999999775727612,0.9999999999999979,0.5007507158014013,0.4992492841985968,0.0,0.0,0.0,0.0,0.4862832078564057,ok,
crossinh_zealots,100,25,25,0,50,0.5,35,40,1.05,0.95,1326,5100,0.0212604909993388,0.038092408000011346,0.05948572600027546,0.9737408216149895,0.2948620177414595,0.9974873288213705,0.8052009630279973,0.1922863657933738,0.0,0.0,0.0,0.0,6.774156869470068,ok,
crossinh_contrarians,100,0,0,50,50,0.5,35,40,1.05,0.95,67626,517348,0.3682061330000579,3.273577283999657,3.6480431710006087,0.992121763861602,0.9824554636249287,0.9999998415496317,0.4863163780806681,0.5136834634689634,0.0,0.0,0.0,0.0,1.3920608374853976,ok,
voter_zealots,100,30,30,0,60,0.6,35,40,1.05,0.95,41,80,0.022534282999913557,0.019144517999848176,0.041769145999751345,0.9999564775924225,0.9775233759629178,0.9999999999925921,0.6371234348242263,0.36287656516836714,0.0,0.0,0.0,0.0,1.5895334956389535,ok,
voter_contrarians,100,0,0,60,60,0.6,35,40,1.05,0.95,2501,14516,0.03336342300008255,0.08809637299964379,0.12163989500004391,0.9999998509465562,0.9999999925082219,0.9999999999999992,0.480303434113834,0.5196965658861652,0.0,0.0,0.0,0.0,0.4627627489034803,ok,
crossinh_zealots,100,30,30,0,60,0.6,35,40,1.05,0.95,861,3280,0.02314361899971118,0.030260035000537755,0.053534841000328015,0.9733695119710022,0.3988744846695363,0.9968730825641259,0.7837231107939929,0.21314997177013367,0.0,0.0,0.0,0.0,6.971880775289317,ok,
crossinh_contrarians,100,0,0,60,60,0.6,35,40,1.05,0.95,52521,399918,0.31650718899982166,2.3390752369996335,2.6571756679995815,0.9993857896888216,0.9997289544269821,0.9999999999998694,0.45894054118781896,0.5410594588120512,0.0,0.0,0.0,0.0,0.8217087692709563,ok,
voter_zealots,200,0,0,0,0,0.0,35,40,1.05,0.95,201,400,0.017066190999685205,0.02848856499986141,0.04565274099968519,0.9995121746537488,0.36739323118011,0.9999999999999939,0.7312226364662066,0.2687773635337877,0.9956232291457277,2.380544727553225e-05,0.9877854774641831,2.380544727553225e-05,0.9264467083700598,ok,
voter_contrarians,200,0,0,0,0,0.0,35,40,1.05,0.95,201,400,0.02066011399983836,0.03281962600067345,0.0535725210002056,0.9995121746537488,0.36739323118011,0.9999999999999939,0.7312226364662066,0.2687773635337877,0.9956232291457277,2.380544727553225e-05,0.9877854774641831,2.380544727553225e-05,0.9264467083700598,ok,
crossinh_zealots,200,0,0,0,0,0.0,35,40,1.05,0.95,20300,79602,0.061223945999699936,1.5768219719993795,1.6386063720001403,0.8849954366562695,0.11506291116722657,0.9999823085469006,0.8849220900070641,0.11506021853983678,0.8849913896900566,0.11498715694848016,0.8849907957756281,0.1149862692020211,5.718850705729125,ok,
crossinh_contrarians,200,0,0,0,0,0.0,35,40,1.05,0.95,20300,79602,0.06781542299995635,1.5898022840001431,1.6586086560000695,0.8849954366562695,0.11506291116722657,0.9999823085469006,0.8849220900070641,0.11506021853983678,0.8849913896900566,0.11498715694848016,0.8849907957756281,0.1149862692020211,5.718850705729125,ok,
voter_zealots,200,10,10,0,20,0.1,35,40,1.05,0.95,181,360,0.020472305999646778,0.018898561000241898,0.03950057400015794,0.9999814059148797,0.4551568967475728,0.9999999999999956,0.7347940881241206,0.26520591187587517,0.0,0.0,0.0,0.0,1.0650567730044722,ok,
voter_contrarians,200,0,0,20,20,0.1,35,40,1.05,0.95,3801,21636,0.03321293200042419,0.19784222399994178,0.2312514100003682,0.9999910538290104,0.7343287057971428,0.9999999999999987,0.694277720394093,0.3057222796059045,0.0,0.0,0.0,0.0,1.007159530378468,ok,
crossinh_zealots,200,10,10,0,20,0.1,35,40,1.05,0.95,16471,65160,0.07998329499969259,1.2670263569998497,1.347551153000495,0.9083297638229465,0.0921150038218165,0.9998122075678098,0.9077019201771284,0.09211028739068197,0.9082983456853538,0.09140355978980126,0.908287352285043,0.09138247831170121,6.487533328631039,ok,
crossinh_contrarians,200,0,0,20,20,0.1,35,40,1.05,0.95,345891,2645138,2.048397882000245,114.00892686999941,116.08013467799992,0.8991776564626474,0.1035764053507123,0.9988676970677202,0.8953519583016603,0.10351573876605911,0.8987765268903382,0.09844155591664697,0.8986405519627443,0.09808909816576009,7.742503335940548,ok,
voter_zealots,200,20,20,0,40,0.2,35,40,1.05,0.95,161,320,0.029395294000096328,0.019162160000632866,0.048812680000082764,0.9999943959994847,0.6094341494293612,0.9999999999999923,0.7392829014460434,0.26071709855395014,0.0,0.0,0.0,0.0,1.251644797422694,ok,
voter_contrarians,200,0,0,40,40,0.2,35,40,1.05,0.95,6601,38476,0.04679548900003283,0.33313993599949754,0.3802613679999922,0.999993546106708,0.9562966027743878,0.999999999999993,0.6496511242265552,0.3503488757734366,0.0,0.0,0.0,0.0,1.0731283612358307,ok,
crossinh_zealots,200,20,20,0,40,0.2,35,40,1.05,0.95,13041,51520,0.07457266799974605,0.9351261480005633,1.0101654139998573,0.9394165938047231,0.06469409581672014,0.9989433421492421,0.9342650092907575,0.06467833285848287,0.9389379177165834,0.05733070534142774,0.9387552099372054,0.056687322385659676,7.479101120685661,ok,
crossinh_contrarians,200,0,0,40,40,0.2,35,40,1.05,0.95,534681,4159278,3.4317279580000104,95.6819628459998,99.13311054499991,0.9297448140974479,0.09207677375272301,0.9845559062298049,0.8937163246458651,0.09083958158393961,0.0,0.0,0.0,0.0,11.010192395111536,ok,
voter_zealots,200,25,25,0,50,0.25,35,40,1.05,0.95,151,300,0.017071298999326245,0.02041424900016864,0.03757782699995005,0.9999950044761594,0.6736718787518637,0.9999999999999645,0.7419853586986103,0.2580146413013557,0.0,0.0,0.0,0.0,1.3713122922526857,ok,
voter_contrarians,200,0,0,50,50,0.25,35,40,1.05,0.95,7701,45096,0.048083472000143956,0.3956018250000852,0.4440278510001008,0.9999917151347651,0.9843982408587351,0.9999999999999942,0.6251982533229078,0.3748017466770859,0.0,0.0,0.0,0.0,1.097349747065895,ok,
crossinh_zealots,200,25,25,0,50,0.25,35,40,1.05,0.95,11476,45300,0.06022889100040629,0.7236957940003776,0.78446855600032,0.9569475732139908,0.0520026276812981,0.998079371942985,0.9461173178851033,0.05196205405787885,0.9551466694024392,0.026150466159160016,0.9544347208119426,0.0,8.063905113757489,ok,
crossinh_contrarians,200,0,0,50,50,0.25,35,40,1.05,0.95,585276,4566848,3.6650329399999464,104.98255902099936,108.67062694699962,0.9108790075424386,0.10987757456196434,0.9589728077762151,0.8550834781608867,0.10388932961532882,0.0,0.0,0.0,0.0,13.050337523591706,ok,
voter_zealots,200,40,40,0,80,0.4,35,40,1.05,0.95,121,240,0.024617597000542446,0.01753755999925488,0.042255814000782266,0.9999843795774906,0.7729362312633208,0.9999999996423472,0.7528129803201385,0.24718701932220818,0.0,0.0,0.0,0.0,1.9166139930196202,ok,
voter_contrarians,200,0,0,80,80,0.4,35,40,1.05,0.95,9801,57756,0.08052924999992683,0.510952775000078,0.5919366680000167,0.9999737623169772,0.9994421752469337,0.9999999999999954,0.5488375424260097,0.4511624575739869,0.0,0.0,0.0,0.0,1.1244980902598434,ok,
crossinh_zealots,200,40,40,0,80,0.4,35,40,1.05,0.95,7381,29040,0.05283822900037194,0.2547783119998712,0.3079782510003497,0.980170586754526,0.03351222125020841,0.9898102608722115,0.9573544076843693,0.03245585318784449,0.0,0.0,0.0,0.0,10.27057955818384,ok,
crossinh_contrarians,200,0,0,80,80,0.4,35,40,1.05,0.95,597861,4679558,3.8722373410000728,102.67607342300016,106.57055429100001,0.8139384087648671,0.3863802824585029,0.9268183958288159,0.6428306560575267,0.28398773977129005,0.0,0.0,0.0,0.0,12.920290761306353,ok,
voter_zealots,200,50,50,0,100,0.5,35,40,1.05,0.95,101,200,0.018179848999352544,0.017349603999718965,0.03563334699992993,0.9999032229134075,0.7693418576242143,0.9999998537862248,0.7635549202291524,0.23644493355707238,0.0,0.0,0.0,0.0,2.59158273231601,ok,
voter_contrarians,200,0,0,100,100,0.5,35,40,1.05,0.95,10201,60196,0.06746242099961819,0.5395413690002897,0.6074117609996392,0.999947134862778,0.9999485544359107,0.9999999999999937,0.5003398918039166,0.49966010819607676,0.0,0.0,0.0,0.0,1.1036614511141334,ok,
crossinh_zealots,200,50,50,0,100,0.5,35,40,1.05,0.95,5151,20200,0.04214134700032446,0.164116281999668,0.20647463899967988,0.9623035619781992,0.042221490091941316,0.9716694810057629,0.9359710592071588,0.035698421798605294,0.0,0.0,0.0,0.0,11.999509547751073,ok,
crossinh_contrarians,200,0,0,100,100,0.5,35,40,1.05,0.95,520251,4069698,3.3478477489998113,82.66693552200013,86.03020506199937,0.8868772112936583,0.7752522772158135,0.9914844971683401,0.5228951181327661,0.4685893790355751,0.0,0.0,0.0,0.0,6.207338176466997,ok,
voter_zealots,200,60,60,0,120,0.6,35,40,1.05,0.95,81,160,0.017119176000051084,0.013805088000481192,0.03101745399999345,0.9987778729480135,0.6971603060492533,0.9999563850390183,0.7791410948472292,0.22081529019178878,0.0,0.0,0.0,0.0,3.9366856613192804,ok,
voter_contrarians,200,0,0,120,120,0.6,35,40,1.05,0.95,9801,57836,0.056515774999752466,0.49194863800039457,0.5488490560001082,0.99991202647296,0.9999958434326998,0.9999999999999981,0.4572791962086588,0.5427208037913378,0.0,0.0,0.0,0.0,1.057586397574754,ok,
crossinh_zealots,200,60,60,0,120,0.6,35,40,1.05,0.95,3321,12960,0.030782536999140575,0.09904524800003855,0.13003324600049382,0.9287218234680216,0.06557150417116263,0.9433021706311663,0.8965236919207038,0.046778478710458524,0.0,0.0,0.0,0.0,13.86230561526003,ok,
crossinh_contrarians,200,0,0,120,120,0.6,35,40,1.05,0.95,401841,3135838,2.4614315170001646,57.797244901999875,60.272074110000176,0.9740359283373966,0.9853529734288736,0.9999884116262676,0.4356016540657962,0.56438675756047,0.0,0.0,0.0,0.0,2.495896400444863,ok,
