model,N,Za,Zb,C,disruptor_count,disruptor_fraction,t,h,nr_states,nr_transitions,build_time,check_time,total_time,reach_a,reach_b,reach_consensus,reach_a_first,reach_b_first,reach_robust95_a,reach_robust95_b,reach_robust99_a,reach_robust99_b,exp_consensus_time,status,error
voter_zealots,20,0,0,0,0,0.0,35,40,21,40,0.16346160500143014,0.03214216400010628,0.19602865299930272,0.9475417921492322,0.8572997167064482,0.9999999999999994,0.5250000000000001,0.4750000000000001,0.708113767963215,0.26028317798655237,0.708113767963215,0.26028317798655237,0.1,ok,
voter_contrarians,20,0,0,0,0,0.0,35,40,21,40,0.024653718999616103,0.01065956100137555,0.03537450799922226,0.9475417921492322,0.8572997167064482,0.9999999999999994,0.5250000000000001,0.4750000000000001,0.708113767963215,0.26028317798655237,0.708113767963215,0.26028317798655237,0.1,ok,
crossinh_zealots,20,0,0,0,0,0.0,35,40,230,762,0.016021735000322224,0.01789874699898064,0.03398400299920468,0.7413279310546121,0.5456258343948412,0.9999999997491562,0.5649159555126304,0.43508404423652614,0.6425386296487655,0.3594165533288005,0.6421392501394708,0.3582014441514578,0.8908391185553921,ok,
crossinh_contrarians,20,0,0,0,0,0.0,35,40,230,762,0.018460991999745602,0.0199768660004338,0.03850534299999708,0.7413279310546121,0.5456258343948412,0.9999999997491562,0.5649159555126304,0.43508404423652614,0.6425386296487655,0.3594165533288005,0.6421392501394708,0.3582014441514578,0.8908391185553921,ok,
voter_zealots,20,1,1,0,2,0.1,35,40,19,36,0.018015751000348246,0.014813232999586035,0.03291118400011328,0.9984686401206042,0.9734180072651347,0.9999999999999999,0.5249999999999997,0.47500000000000003,0.0,0.0,0.0,0.0,0.1111111111111111,ok,
voter_contrarians,20,0,0,2,2,0.1,35,40,57,216,0.019114540998998564,0.01696782799990615,0.03614967800058366,0.9999278718698124,0.9978235676185518,0.9999999999999991,0.5204545454545451,0.47954545454545383,0.0,0.0,0.0,0.0,0.10101010101010101,ok,
crossinh_zealots,20,1,1,0,2,0.1,35,40,190,684,0.018250451999847428,0.022220778999326285,0.040583266998510226,0.7682885152620286,0.5654068241869262,0.9999999997232517,0.5634481909449282,0.4365518087783232,0.658931498122243,0.3436869389138615,0.6580647185958123,0.0,0.8918451545169886,ok,
crossinh_contrarians,20,0,0,2,2,0.1,35,40,570,3044,0.020290375001422944,0.026591141999233514,0.0469825079999282,0.821725298772722,0.6493609222000236,0.999999999871136,0.5404778403043373,0.45952215956679826,0.0,0.0,0.0,0.0,0.6571617218936404,ok,
voter_zealots,20,2,2,0,4,0.2,35,40,17,32,0.016762013001425657,0.015987510998456855,0.03279986499910592,0.9999169992986631,0.9959641693911112,1.0,0.5249999999999999,0.47499999999999953,0.0,0.0,0.0,0.0,0.125,ok,
voter_contrarians,20,0,0,4,4,0.2,35,40,85,388,0.01780388800034416,0.013756931999523658,0.031617740000001504,0.999999449608429,0.9999832300729118,0.9999999999999996,0.5162371134020616,0.48376288659793787,0.0,0.0,0.0,0.0,0.10309278350515465,ok,
crossinh_zealots,20,2,2,0,4,0.2,35,40,153,544,0.017457619000197155,0.018772711999190506,0.03628818799916189,0.8236896412970033,0.6007003466096901,0.9999999998320993,0.561659686910287,0.43834031292181225,0.0,0.0,0.0,0.0,0.8942341169311205,ok,
crossinh_contrarians,20,0,0,4,4,0.2,35,40,765,4662,0.020494848000453203,0.02498984100020607,0.0456214510013524,0.9574032510242316,0.8592136187098515,0.9999999999950927,0.5226765796300434,0.4773234203650491,0.0,0.0,0.0,0.0,0.48557265852781895,ok,
voter_zealots,20,3,3,0,6,0.3,35,40,15,28,0.016107082999951672,0.017452177999075502,0.03361052800028119,0.999992635456983,0.99937563770987,0.9999999999999997,0.525,0.47499999999999987,0.0,0.0,0.0,0.0,0.14285714285714285,ok,
voter_contrarians,20,0,0,6,6,0.3,35,40,105,512,0.018334783000682364,0.017649065999648883,0.03610802199909813,0.9999999896838353,0.9999998750623385,0.9999999999999996,0.5122340425531912,0.4877659574468089,0.0,0.0,0.0,0.0,0.10638297872340426,ok,
crossinh_zealots,20,3,3,0,6,0.3,35,40,120,420,0.018494105999707244,0.018058552999718813,0.036641471000621095,0.9123344374652684,0.6832727279496573,0.9999999999469409,0.559660360272473,0.4403396396744677,0.0,0.0,0.0,0.0,0.9040038446715543,ok,
crossinh_contrarians,20,0,0,6,6,0.3,35,40,840,5344,0.022117414000604185,0.027578557001106674,0.04978875499909918,0.9945608989373387,0.9798092124287027,0.9999999999999892,0.510105066655079,0.4898949333449107,0.0,0.0,0.0,0.0,0.3752054257355146,ok,
voter_zealots,20,4,4,0,8,0.4,35,40,13,24,0.019127248999211588,0.01782432400068501,0.03700269900036801,0.9999989548474346,0.9998893756244358,1.0000000000000013,0.5249999999999998,0.475,0.0,0.0,0.0,0.0,0.16666666666666666,ok,
voter_contrarians,20,0,0,8,8,0.4,35,40,117,588,0.017963868000151706,0.01812544499989599,0.03614888599986443,0.9999999996480389,0.9999999989467381,0.9999999999999999,0.5083333333333333,0.4916666666666666,0.0,0.0,0.0,0.0,0.1111111111111111,ok,
crossinh_zealots,20,4,4,0,8,0.4,35,40,91,312,0.016845451998960925,0.014813980998951592,0.03171959999963292,0.9695872387582986,0.8072242476221094,0.999999999991447,0.5576054714519848,0.44239452853946265,0.0,0.0,0.0,0.0,0.9307917974239786,ok,
crossinh_contrarians,20,0,0,8,8,0.4,35,40,819,5282,0.020361118000437273,0.02568101600081718,0.046209417001591646,0.9996041938515112,0.9990022600388961,1.0000000000000002,0.5010347578135488,0.4989652421864511,0.0,0.0,0.0,0.0,0.30991234160973335,ok,
voter_zealots,20,5,5,0,10,0.5,35,40,11,20,0.01673004700023739,0.01577622200056794,0.0325570280001557,0.9999997521918774,0.9999750667998379,0.9999999999999996,0.5250000000000001,0.4749999999999998,0.0,0.0,0.0,0.0,0.2,ok,
voter_contrarians,20,0,0,10,10,0.5,35,40,121,616,0.016970957000012277,0.01614883599904715,0.03321451100055128,0.9999999999814436,0.9999999999891402,0.9999999999999998,0.504411764705882,0.49558823529411766,0.0,0.0,0.0,0.0,0.11764705882352941,ok,
crossinh_zealots,20,5,5,0,10,0.5,35,40,66,220,0.02075409499957459,0.012564038999698823,0.03338514100141765,0.9901335572431165,0.9056443766623719,0.9999999999992178,0.5556730567906724,0.4443269432085462,0.0,0.0,0.0,0.0,0.9904485871093265,ok,
crossinh_contrarians,20,0,0,10,10,0.5,35,40,726,4668,0.021532462000322994,0.026149707999138627,0.047781567000129144,0.9999872071311692,0.999987004572692,0.9999999999999998,0.49411268366956695,0.5058873163304327,0.0,0.0,0.0,0.0,0.2724011451622408,ok,
voter_zealots,20,6,6,0,12,0.6,35,40,9,16,0.016790659999969648,0.013170719999834546,0.030021403999853646,0.9999998901376165,0.9999918140364071,1.0,0.5249999999999997,0.4749999999999999,0.0,0.0,0.0,0.0,0.25,ok,
voter_contrarians,20,0,0,12,12,0.6,35,40,117,596,0.01790274000086356,0.015185514999757288,0.03315047499927459,0.9999999999986336,0.9999999999998538,1.0000000000000002,0.5003164556962028,0.49968354430379713,0.0,0.0,0.0,0.0,0.1265822784810127,ok,
crossinh_zealots,20,6,6,0,12,0.6,35,40,45,144,0.018685894001464476,0.01683160300126474,0.035588492999522714,0.9962512516662217,0.957087804620223,0.9999999999999213,0.5540660238426575,0.4459339761572632,0.0,0.0,0.0,0.0,1.112916678397919,ok,
crossinh_contrarians,20,0,0,12,12,0.6,35,40,585,3694,0.019993686999441707,0.02104054399933375,0.04114598600062891,0.9999998163882559,0.9999999509165892,1.0000000000000002,0.48849261554516366,0.5115073844548368,0.0,0.0,0.0,0.0,0.25073359386552274,ok,
voter_zealots,30,0,0,0,0,0.0,35,40,31,60,0.015597342999171815,0.018201179000243428,0.03385471300134668,0.9502961195958957,0.7779068008483419,0.9999999999999994,0.549875311720698,0.4501246882793023,0.7714843414666133,0.16570281351820834,0.7435587509652691,0.16570281351820834,0.2665954162213514,ok,
voter_contrarians,30,0,0,0,0,0.0,35,40,31,60,0.017440214000089327,0.017126958000517334,0.03462988700084679,0.9502961195958957,0.7779068008483419,0.9999999999999994,0.549875311720698,0.4501246882793023,0.7714843414666133,0.16570281351820834,0.7435587509652691,0.16570281351820834,0.2665954162213514,ok,
crossinh_zealots,30,0,0,0,0,0.0,35,40,495,1742,0.01800991799973417,0.023917728000014904,0.04199612600132241,0.7274842630014162,0.44799534871397884,0.999999971510071,0.609459391009057,0.3905405805010144,0.6749090489804191,0.3259924851362528,0.6747343906193127,0.32541902268870604,1.7274148640833185,ok,
crossinh_contrarians,30,0,0,0,0,0.0,35,40,495,1742,0.019339164000484743,0.027072410000982927,0.046492034000038984,0.7274842630014162,0.44799534871397884,0.999999971510071,0.609459391009057,0.3905405805010144,0.6749090489804191,0.3259924851362528,0.6747343906193127,0.32541902268870604,1.7274148640833185,ok,
voter_zealots,30,2,2,0,4,0.13333333333333333,35,40,27,52,0.01784296099867788,0.01215897400106769,0.030115183000816614,0.9993032153610437,0.9587000426931165,0.9999999999999994,0.5501304660788192,0.44986953392118023,0.0,0.0,0.0,0.0,0.31090940393959104,ok,
voter_contrarians,30,0,0,4,4,0.13333333333333333,35,40,135,628,0.017991831999097485,0.016576166000959347,0.03463902400108054,0.9999653272454359,0.9974215431172218,1.0000000000000002,0.5373555638377621,0.46264443616223744,0.0,0.0,0.0,0.0,0.27267178877831744,ok,
crossinh_zealots,30,2,2,0,4,0.13333333333333333,35,40,378,1404,0.019257518000813434,0.024371597999561345,0.04374760799873911,0.7682039448965806,0.4724935658189424,0.9999999411180291,0.6059785742178299,0.3940213669002,0.7024164764167321,0.29834326537582556,0.7017422708254828,0.0,1.7116328854138831,ok,
crossinh_contrarians,30,0,0,4,4,0.13333333333333333,35,40,1890,11992,0.02540828299970599,0.038280591999864555,0.06380679399990186,0.8405090956382065,0.6000126181709263,0.9999999719971332,0.5594545675346455,0.44054540446248713,0.0,0.0,0.0,0.0,1.165294308443244,ok,
voter_zealots,30,3,3,0,6,0.2,35,40,25,48,0.014511201999994228,0.007354421000854927,0.021922433999861823,0.9998524560821326,0.9839264213156879,0.9999999999999989,0.5502901023890784,0.4497098976109214,0.0,0.0,0.0,0.0,0.3390929960255899,ok,
voter_contrarians,30,0,0,6,6,0.2,35,40,175,872,0.016680557000654517,0.015841586999158608,0.03259755999897607,0.9999966294860627,0.9998004942905244,1.000000000000001,0.5307765959379608,0.46922340406203883,0.0,0.0,0.0,0.0,0.2740656352569977,ok,
crossinh_zealots,30,3,3,0,6,0.2,35,40,325,1200,0.019219218998841825,0.016948749998846324,0.03625189800004591,0.8066806102735561,0.49399884047586995,0.9999999420585993,0.6033612178607557,0.3966387241978435,0.7169161916786924,0.0,0.0,0.0,1.6920334124163838,ok,
crossinh_contrarians,30,0,0,6,6,0.2,35,40,2275,15154,0.030550985000445507,0.04759901400029776,0.07829179299915268,0.9342195990937887,0.7562157969596904,0.9999999952069158,0.5388072152565937,0.46119277995032204,0.0,0.0,0.0,0.0,0.8998887119736484,ok,
voter_zealots,30,4,4,0,8,0.26666666666666666,35,40,23,44,0.018606653000460938,0.014969984000344994,0.03365103000032832,0.9999577318167894,0.993470966989219,0.9999999999999993,0.5504789272030656,0.4495210727969351,0.0,0.0,0.0,0.0,0.37289707419017776,ok,
voter_contrarians,30,0,0,8,8,0.26666666666666666,35,40,207,1068,0.018001440999796614,0.015089012998942053,0.03317268099999637,0.9999994974392058,0.9999843777051012,0.9999999999999991,0.5241169698064947,0.4758830301935048,0.0,0.0,0.0,0.0,0.2742850240221509,ok,
crossinh_zealots,30,4,4,0,8,0.26666666666666666,35,40,276,1012,0.01861211299910792,0.01753575600014301,0.03622555000038119,0.8661857619820864,0.5315537289199205,0.9999999564909655,0.6002594450861258,0.39974051140483996,0.0,0.0,0.0,0.0,1.668099752564328,ok,
crossinh_contrarians,30,0,0,8,8,0.26666666666666666,35,40,2484,16932,0.03203277100146806,0.049677136999889626,0.08185682600014843,0.9785491752717004,0.902322404666273,0.9999999997886453,0.5224586555431089,0.4775413442455372,0.0,0.0,0.0,0.0,0.6869263864076052,ok,
voter_zealots,30,6,6,0,12,0.4,35,40,19,36,0.01526547799949185,0.017522894000649103,0.03285241199955635,0.9999919048350189,0.9985607008259838,0.9999999999999992,0.5509833289919245,0.44901667100807474,0.0,0.0,0.0,0.0,0.46577025628780616,ok,
voter_contrarians,30,0,0,12,12,0.4,35,40,247,1316,0.01939562100051262,0.018459982000422315,0.03793067700098618,0.9999999752896587,0.9999998911981843,1.0000000000000004,0.5109620964311458,0.4890379035688556,0.0,0.0,0.0,0.0,0.2710467370116276,ok,
crossinh_zealots,30,6,6,0,12,0.4,35,40,190,684,0.017313186999672325,0.017470734999733395,0.034856453001339105,0.9628217475335066,0.691373115816789,0.9999999890941553,0.5932607734505603,0.4067392156435948,0.0,0.0,0.0,0.0,1.6305524831628762,ok,
crossinh_contrarians,30,0,0,12,12,0.4,35,40,2470,17104,0.03164732599907438,0.054236123998634866,0.08603527199920791,0.9987465261216801,0.99590431483502,0.9999999999999979,0.500914990873778,0.49908500912621934,0.0,0.0,0.0,0.0,0.42815468749664115,ok,
voter_zealots,30,8,8,0,16,0.5333333333333333,35,40,15,28,0.015498882999963826,0.01798073700047098,0.033591476998481085,0.999994817447996,0.9994063611540545,0.9999999999999993,0.5517785234899323,0.44822147651006683,0.0,0.0,0.0,0.0,0.6202900287631833,ok,
voter_contrarians,30,0,0,16,16,0.5333333333333333,35,40,255,1372,0.01832089600065956,0.018267431998538086,0.036668781000116724,0.9999999978025264,0.9999999990778249,0.9999999999999992,0.4986673369675092,0.5013326630324902,0.0,0.0,0.0,0.0,0.26271897860528787,ok,
crossinh_zealots,30,8,8,0,16,0.5333333333333333,35,40,120,420,0.016559487999984412,0.019157204998919042,0.035782352000751416,0.990095442508694,0.8570025161672957,0.9999999986067994,0.5866258522075589,0.4133741463992402,0.0,0.0,0.0,0.0,1.675359214014693,ok,
crossinh_contrarians,30,0,0,16,16,0.5333333333333333,35,40,2040,14044,0.025683084000775125,0.04952952399980859,0.07534383699930913,0.9999823727978971,0.9999849000568859,0.9999999999999992,0.4887188559024224,0.5112811440975771,0.0,0.0,0.0,0.0,0.3124422345238892,ok,
voter_zealots,30,9,9,0,18,0.6,35,40,13,24,0.018307079999431153,0.02185599200129218,0.04021531099897402,0.9999928818860222,0.9994608196252667,1.000000000000001,0.5523769849049209,0.4476230150950798,0.0,0.0,0.0,0.0,0.7436834280859964,ok,
voter_contrarians,30,0,0,18,18,0.6,35,40,247,1328,0.01685135200023069,0.018460469000274315,0.03538579400083108,0.9999999992635697,0.9999999999084258,1.0000000000000004,0.493057554095774,0.5069424459042255,0.0,0.0,0.0,0.0,0.25654148264220333,ok,
crossinh_zealots,30,9,9,0,18,0.6,35,40,91,312,0.017201376000230084,0.021033255001384532,0.038305803998810006,0.9939246550203596,0.9054377913269567,0.9999999992539665,0.5840447248191628,0.4159552744348037,0.0,0.0,0.0,0.0,1.7750978540602236,ok,
crossinh_contrarians,30,0,0,18,18,0.6,35,40,1729,11782,0.02644408000014664,0.03991197700088378,0.0664798529996915,0.9999988837682587,0.9999996631628258,1.0,0.48453245580560067,0.5154675441943994,0.0,0.0,0.0,0.0,0.27983283385287444,ok,
voter_zealots,50,0,0,0,0,0.0,35,40,51,100,0.01735657000062929,0.016480710000905674,0.03389248500025133,0.97575748461427,0.7226779599362166,0.9999999999999981,0.5745037220843664,0.4254962779156326,0.8293958017179,0.06113678708757842,0.7463541570605621,0.06113678708757842,0.3583851080970511,ok,
voter_contrarians,50,0,0,0,0,0.0,35,40,51,100,0.015684955000324408,0.014871875999233453,0.030628225998952985,0.97575748461427,0.7226779599362166,0.9999999999999981,0.5745037220843664,0.4254962779156326,0.8293958017179,0.06113678708757842,0.7463541570605621,0.06113678708757842,0.3583851080970511,ok,
crossinh_zealots,50,0,0,0,0,0.0,35,40,1325,4902,0.018593131000670837,0.050328093999269186,0.06903242799853615,0.738298613882021,0.32862076554598685,0.9999987586245994,0.6872696120188702,0.31272914660573015,0.7231214077724742,0.2770258949332468,0.723104360500256,0.2769103198600288,3.1899166280638114,ok,
crossinh_contrarians,50,0,0,0,0,0.0,35,40,1325,4902,0.020094716999665252,0.04469780100043863,0.0649070119998214,0.738298613882021,0.32862076554598685,0.9999987586245994,0.6872696120188702,0.31272914660573015,0.7231214077724742,0.2770258949332468,0.723104360500256,0.2769103198600288,3.1899166280638114,ok,
voter_zealots,50,3,3,0,6,0.12,35,40,45,88,0.01571342700117384,0.012207151001348393,0.027977663001365727,0.9995360602022967,0.9069626970864447,1.0000000000000004,0.5750404345468886,0.42495956545311164,0.0,0.0,0.0,0.0,0.4133559489777409,ok,
voter_contrarians,50,0,0,6,6,0.12,35,40,315,1592,0.018620217000716366,0.024252778999652946,0.042954881999321515,0.9999599590476225,0.9889431027724648,1.000000000000001,0.5574781219599587,0.4425218780400411,0.0,0.0,0.0,0.0,0.3677061923471559,ok,
crossinh_zealots,50,3,3,0,6,0.12,35,40,1035,3960,0.021326944000975345,0.043356311000025016,0.0647851300000184,0.7718027091514436,0.33583716151508974,0.999994177752737,0.6882639697685319,0.3117302079842057,0.7504055058674137,0.24986312968230262,0.750241068075271,0.24906712549790155,3.297568550788891,ok,
crossinh_contrarians,50,0,0,6,6,0.12,35,40,7245,49774,0.050885925000329735,0.1830742319998535,0.23435240600156249,0.7999126121410295,0.43023852553384656,0.9999897090474695,0.6303736242733786,0.3696160847740895,0.00012748700116813844,0.0,0.0,0.0,2.732270698253915,ok,
voter_zealots,50,5,5,0,10,0.2,35,40,41,80,0.013784493999992264,0.01595444899976428,0.02979653000147664,0.9999206239942307,0.9631551654610184,1.0000000000000002,0.5754895692555158,0.42451043074448436,0.0,0.0,0.0,0.0,0.4604235516376376,ok,
voter_contrarians,50,0,0,10,10,0.2,35,40,451,2416,0.018975936000060756,0.023165678001532797,0.04222496699912881,0.9999963437220917,0.9992881252514894,1.0000000000000002,0.5453342083134439,0.45466579168655485,0.0,0.0,0.0,0.0,0.36985095620115843,ok,
crossinh_zealots,50,5,5,0,10,0.2,35,40,861,3280,0.01990913200097566,0.03116372499971476,0.05117640699972981,0.8110489065508873,0.34978060338664296,0.9999891485111628,0.6857244548388002,0.31426469367236193,0.7804734611612342,0.0,0.7783554282123765,0.0,3.3193840116991615,ok,
crossinh_contrarians,50,0,0,10,10,0.2,35,40,9471,67818,0.06023733400070341,0.24630949499987764,0.30690301199865644,0.906064705713927,0.5823116046218626,0.9999931058597039,0.5850222454339244,0.41497086042577835,0.0,0.0,0.0,0.0,2.1178920638762406,ok,
voter_zealots,50,6,6,0,12,0.24,35,40,39,76,0.01724500199998147,0.016441871001006803,0.03374076299951412,0.9999599598984298,0.9765698485620516,0.9999999999999987,0.5757503628475326,0.42424963715246694,0.0,0.0,0.0,0.0,0.48821271009815004,ok,
voter_contrarians,50,0,0,12,12,0.24,35,40,507,2756,0.020154548999926192,0.025870023999232217,0.04611157299950719,0.9999985567135938,0.9998235023233194,0.9999999999999986,0.5391669640138658,0.46083303598613345,0.0,0.0,0.0,0.0,0.36964032728933166,ok,
crossinh_zealots,50,6,6,0,12,0.24,35,40,780,2964,0.019325834000483155,0.031716191000668914,0.05113786600122694,0.8406654903989605,0.3616829044868983,0.9999869922645733,0.6833239580952044,0.3166630341693698,0.7918969649171318,0.0,0.0,0.0,3.3113581573929425,ok,
crossinh_contrarians,50,0,0,12,12,0.24,35,40,10140,73324,0.06473128200013889,0.2838639940000576,0.3489645579993521,0.9431675500888195,0.6948634597544476,0.9999970092980907,0.5638033664921757,0.43619364280591544,0.0,0.0,0.0,0.0,1.780755902913685,ok,
voter_zealots,50,10,10,0,20,0.4,35,40,31,60,0.01763088600091578,0.0157351510006265,0.03345475000060105,0.9999916207075424,0.9947465652771055,0.9999999999999998,0.5771505504119873,0.42284944958801146,0.0,0.0,0.0,0.0,0.6434696115371792,ok,
voter_contrarians,50,0,0,20,20,0.4,35,40,651,3636,0.019693281999934698,0.02224105899949791,0.04201737599942135,0.9999999066296232,0.9999993241638641,0.9999999999999979,0.515008304678232,0.4849916953217657,0.0,0.0,0.0,0.0,0.3606260783820527,ok,
crossinh_zealots,50,10,10,0,20,0.4,35,40,496,1860,0.015468445999431424,0.012285737999263802,0.027902767000341555,0.9582265908379893,0.4965038260066078,0.999988991314152,0.6672225939505956,0.33276639736355634,0.0,0.0,0.0,0.0,3.169597496851071,ok,
crossinh_contrarians,50,0,0,20,20,0.4,35,40,10416,76388,0.0636768980002671,0.29603255500114756,0.3600826189995132,0.9949476711951701,0.9782967995794952,0.9999999995851704,0.5051146481170266,0.49488535146814533,0.0,0.0,0.0,0.0,0.7817132309755942,ok,
voter_zealots,50,13,13,0,26,0.52,35,40,25,48,0.014765795998755493,0.008840548000080162,0.023666659000809886,0.9999908842790999,0.9970022187766058,0.9999999999999978,0.5788327821373523,0.42116721786264616,0.0,0.0,0.0,0.0,0.844634326892183,ok,
voter_contrarians,50,0,0,26,26,0.52,35,40,675,3792,0.01721126499978709,0.029160822999983793,0.046460338999168016,0.9999999800092151,0.9999999891126051,1.000000000000001,0.49859425742481517,0.5014057425751856,0.0,0.0,0.0,0.0,0.346758637300063,ok,
crossinh_zealots,50,13,13,0,26,0.52,35,40,325,1200,0.01630846500120242,0.018686979999984032,0.03507984399948327,0.9839576215877566,0.6754474615201173,0.9999951118779169,0.6525091829705312,0.3474859289073857,0.0,0.0,0.0,0.0,3.0781068090421186,ok,
crossinh_contrarians,50,0,0,26,26,0.52,35,40,8775,64154,0.059319909998521325,0.21641554900088522,0.2760660799995094,0.9997556876059018,0.9996663451361495,1.0000000000000007,0.48492935232458706,0.5150706476754123,0.0,0.0,0.0,0.0,0.479517729621804,ok,
voter_zealots,50,15,15,0,30,0.6,35,40,21,40,0.016656951000186382,0.01082529599989357,0.027546593999431934,0.9999807723743751,0.9969121741839801,0.999999999999999,0.5805348828845817,0.41946511711541723,0.0,0.0,0.0,0.0,1.0664434570455323,ok,
voter_contrarians,50,0,0,30,30,0.6,35,40,651,3656,0.022902300999703584,0.035057863000474754,0.05804967800031591,0.9999999922146234,0.9999999992902177,1.0000000000000007,0.4888934813950787,0.5111065186049213,0.0,0.0,0.0,0.0,0.33539148618438597,ok,
crossinh_zealots,50,15,15,0,30,0.6,35,40,231,840,0.017452928001148393,0.024592231999122305,0.042135507999773836,0.9888889595899274,0.7660639323688734,0.9999960124185107,0.644718025111103,0.3552779873074087,0.0,0.0,0.0,0.0,3.1824004520776596,ok,
crossinh_contrarians,50,0,0,30,30,0.6,35,40,7161,51958,0.05292313099926105,0.1772759119994589,0.23049164499934705,0.9999861119927406,0.9999950667039404,1.0000000000000007,0.4771788090707317,0.5228211909292682,0.0,0.0,0.0,0.0,0.38945446830858016,ok,
voter_zealots,80,0,0,0,0,0.0,35,40,81,160,0.014770294999834732,0.009285166999688954,0.024116333001074963,0.9913659613399313,0.6643106701825945,1.0000000000000007,0.5987678647298953,0.40123213527010254,0.9124138438102227,0.012920816738363955,0.8149987876080845,0.012920816738363955,0.39569224546642306,ok,
voter_contrarians,80,0,0,0,0,0.0,35,40,81,160,0.014529865000440623,0.01566814699981478,0.030270999999629566,0.9913659613399313,0.6643106701825945,1.0000000000000007,0.5987678647298953,0.40123213527010254,0.9124138438102227,0.012920816738363955,0.8149987876080845,0.012920816738363955,0.39569224546642306,ok,
crossinh_zealots,80,0,0,0,0,0.0,35,40,3320,12642,0.0219096590008121,0.1361981480004033,0.15826502700110723,0.7770463572993047,0.239290391070388,0.9999929829386298,0.7631886388911419,0.23680434404748885,0.7745966774584702,0.22541861926537907,0.7745945587880576,0.2253856302333706,4.4883153143436765,ok,
crossinh_contrarians,80,0,0,0,0,0.0,35,40,3320,12642,0.022561200999916764,0.12403584700041392,0.1467660749985953,0.7770463572993047,0.239290391070388,0.9999929829386298,0.7631886388911419,0.23680434404748885,0.7745966774584702,0.22541861926537907,0.7745945587880576,0.2253856302333706,4.4883153143436765,ok,
voter_zealots,80,4,4,0,8,0.1,35,40,73,144,0.014635584000643576,0.008123772999169887,0.022815479000200867,0.9997540156510583,0.819824122726109,0.9999999999999977,0.5994378704565203,0.4005621295434775,0.0,0.0,0.0,0.0,0.4458411187155096,ok,
voter_contrarians,80,0,0,8,8,0.1,35,40,657,3468,0.019172461999914958,0.02772371599894541,0.046987342000647914,0.9999678812050738,0.9593364450417989,1.0,0.5801005017876081,0.4198994982123921,0.0,0.0,0.0,0.0,0.4059397642573631,ok,
crossinh_zealots,80,4,4,0,8,0.1,35,40,2701,10512,0.02758891899975424,0.11849387300026137,0.14625693899870384,0.8023274841260086,0.22900163606300808,0.9999568898780099,0.7748272079852144,0.2251296818927941,0.7986024540343037,0.20125103990003052,0.7985743354336989,0.20103133671366144,4.84842759104889,ok,
crossinh_contrarians,80,0,0,8,8,0.1,35,40,24309,174182,0.13296387999980652,1.383625698999822,1.5174699029994372,0.8017301046212663,0.2778904425325683,0.9998497978672816,0.7341958726963066,0.2656539251709755,0.7898660568720702,0.20611256817733994,0.7894157801750615,0.0,4.870814409035457,ok,
voter_zealots,80,8,8,0,16,0.2,35,40,65,128,0.014845882000372512,0.008215542999096215,0.023128438000640017,0.9999743433735218,0.9311282858332973,0.9999999999999992,0.6002796965555982,0.3997203034444008,0.0,0.0,0.0,0.0,0.5105058491261887,ok,
voter_contrarians,80,0,0,16,16,0.2,35,40,1105,6172,0.018778838000798714,0.040441926999847055,0.05931735900048807,0.9999979881607342,0.9983443663846635,0.9999999999999997,0.5598962025151548,0.4401037974848441,0.0,0.0,0.0,0.0,0.40974059061206036,ok,
crossinh_zealots,80,8,8,0,16,0.2,35,40,2145,8320,0.025930757999958587,0.07338153500131739,0.09943239200038079,0.8437529117269926,0.22510122419731993,0.9998344572783548,0.7824097823831517,0.21742467489520423,0.8357429595731396,0.157048604668739,0.834976217224381,0.0,5.180866908915919,ok,
crossinh_contrarians,80,0,0,16,16,0.2,35,40,36465,272094,0.19159035200027574,1.4802131409996946,1.6732930289999786,0.8929348679456781,0.39485494070752686,0.9994680500556912,0.6715743600399638,0.3278936900157307,0.0,0.0,0.0,0.0,4.499406250045562,ok,
voter_zealots,80,10,10,0,20,0.25,35,40,61,120,0.014790191000429331,0.00754508799946052,0.022391298998627462,0.9999881757331714,0.9578677303498552,0.9999999999999989,0.6007870370556748,0.39921296294432435,0.0,0.0,0.0,0.0,0.5503985303107971,ok,
voter_contrarians,80,0,0,20,20,0.25,35,40,1281,7236,0.019513432000167086,0.03921549000006053,0.05884959700051695,0.9999992017008972,0.999699015642578,1.0,0.5495604776631597,0.45043952233684,0.0,0.0,0.0,0.0,0.4090827650499999,ok,
crossinh_zealots,80,10,10,0,20,0.25,35,40,1891,7320,0.023226133000207483,0.070047331000751,0.09352729700003692,0.874968811124411,0.2284915827700355,0.9997273811695221,0.7831811190156464,0.21654626215387549,0.8579653679108332,0.0,0.8488062532942043,0.0,5.312607744954832,ok,
crossinh_contrarians,80,0,0,20,20,0.25,35,40,39711,298538,0.21417508100057603,1.7107932369999617,1.9264606060005462,0.9292127425466633,0.5180732408312794,0.9995406815491019,0.6306028946958732,0.36893778685322726,0.0,0.0,0.0,0.0,3.9185922621881915,ok,
voter_zealots,80,16,16,0,32,0.4,35,40,49,96,0.014447543000642327,0.007237755000460311,0.021757628999694134,0.9999961258028258,0.9877369233156518,0.9999999999999989,0.6028324731344387,0.3971675268655607,0.0,0.0,0.0,0.0,0.7186876650152395,ok,
voter_contrarians,80,0,0,32,32,0.4,35,40,1617,9276,0.020458065999264363,0.053327028999774484,0.07391188499968848,0.9999998787479548,0.999998448012359,1.0000000000000007,0.5192981767760442,0.4807018232239543,0.0,0.0,0.0,0.0,0.3974416069429935,ok,
crossinh_zealots,80,16,16,0,32,0.4,35,40,1225,4704,0.023522874000263982,0.04066759900160832,0.06429697400017176,0.9603371263190565,0.2951306877549681,0.9994052193615585,0.7696518380331588,0.22975338132839954,0.0,0.0,0.0,0.0,5.44243301728693,ok,
crossinh_contrarians,80,0,0,32,32,0.4,35,40,40425,306254,0.22124081599940837,1.6542558819983242,1.8773793729997124,0.9818582726979083,0.9115926965329606,0.9999954045218749,0.5229939177983842,0.4770014867234899,0.0,0.0,0.0,0.0,1.7615171315710285,ok,
voter_zealots,80,20,20,0,40,0.5,35,40,41,80,0.018311026999072055,0.016703638999388204,0.03507660300056159,0.9999949780899406,0.9922189524052679,1.0000000000000004,0.604901896871498,0.3950981031285004,0.0,0.0,0.0,0.0,0.9021404246265702,ok,
voter_contrarians,80,0,0,40,40,0.5,35,40,1681,9676,0.023822490000384278,0.05255907199898502,0.0765037109995319,0.9999999515478087,0.99999995703816,0.9999999999999998,0.5009007940686587,0.4990992059313392,0.0,0.0,0.0,0.0,0.3829949557274064,ok,
crossinh_zealots,80,20,20,0,40,0.5,35,40,861,3280,0.018345266998949228,0.029371999999057152,0.047900176999974065,0.9765378260767064,0.41351323251683075,0.9994252591285655,0.7504156139152769,0.2490096452132889,0.0,0.0,0.0,0.0,5.327343496581601,ok,
crossinh_contrarians,80,0,0,40,40,0.5,35,40,35301,267078,0.19181166499947722,1.382718222999756,1.575850363000427,0.9968819969365499,0.9933512755612514,0.9999999991317282,0.4849323958247407,0.5150676033069861,0.0,0.0,0.0,0.0,0.9579874962042753,ok,
voter_zealots,80,24,24,0,48,0.6,35,40,33,64,0.0165741769997112,0.007554236000942183,0.024202607999541215,0.9999840362760096,0.9922022732682282,0.9999999999999968,0.6080456244623592,0.39195437553763873,0.0,0.0,0.0,0.0,1.209773395582539,ok,
voter_contrarians,80,0,0,48,48,0.6,35,40,1617,9308,0.025448648000747198,0.05638027600070927,0.08197752100022626,0.9999999793625589,0.9999999988623534,1.0000000000000002,0.4846257535813048,0.5153742464186944,0.0,0.0,0.0,0.0,0.36496872437968936,ok,
crossinh_zealots,80,24,24,0,48,0.6,35,40,561,2112,0.018296127000212437,0.01517632200011576,0.03357816400057345,0.9801154014133903,0.5345640757822603,0.9993865415699528,0.7323372071277774,0.2670493344421756,0.0,0.0,0.0,0.0,5.435229697059548,ok,
crossinh_contrarians,80,0,0,48,48,0.6,35,40,27489,206782,0.14879563499926007,0.996850366000217,1.1464470689988957,0.9998238191159956,0.999927566747486,1.0000000000000002,0.46557684532774846,0.5344231546722503,0.0,0.0,0.0,0.0,0.6236757351011146,ok,
voter_zealots,100,0,0,0,0,0.0,35,40,101,200,0.019157988999722875,0.014531438999256352,0.033842642998934025,0.9949026030739918,0.6031871740118351,0.9999999999999978,0.6225573915429392,0.37744260845705807,0.9460151659889866,0.00454151153310132,0.8670601619029894,0.00454151153310132,0.49101964787983343,ok,
voter_contrarians,100,0,0,0,0,0.0,35,40,101,200,0.01777087099981145,0.021673043000191683,0.039520402999187354,0.9949026030739918,0.6031871740118351,0.9999999999999978,0.6225573915429392,0.37744260845705807,0.9460151659889866,0.00454151153310132,0.8670601619029894,0.00454151153310132,0.49101964787983343,ok,
crossinh_zealots,100,0,0,0,0,0.0,35,40,5150,19802,0.02894809900135442,0.24879065900131536,0.2779842260006262,0.8016875665649378,0.20480660704390802,0.9999890544782302,0.7959360227040146,0.20405303177421663,0.800937238610284,0.1990516396926178,0.8009359843109428,0.19904105477121337,4.954362626294812,ok,
crossinh_contrarians,100,0,0,0,0,0.0,35,40,5150,19802,0.02968113599854405,0.2508714699997654,0.28080667900030676,0.8016875665649378,0.20480660704390802,0.9999890544782302,0.7959360227040146,0.20405303177421663,0.800937238610284,0.1990516396926178,0.8009359843109428,0.19904105477121337,4.954362626294812,ok,
voter_zealots,100,5,5,0,10,0.1,35,40,91,180,0.016492431999722612,0.01871767300144711,0.035293894999995246,0.999848649362766,0.7553376753614728,0.9999999999999981,0.6236051235580135,0.3763948764419855,0.0,0.0,0.0,0.0,0.5553183271344128,ok,
voter_contrarians,100,0,0,10,10,0.1,35,40,1001,5416,0.02316651500041189,0.039525270000012824,0.0627894480003306,0.9999748066257922,0.9337981686983762,1.000000000000001,0.5998053473502817,0.4001946526497176,0.0,0.0,0.0,0.0,0.5079144816518646,ok,
crossinh_zealots,100,5,5,0,10,0.1,35,40,4186,16380,0.03738112499922863,0.19308297099996707,0.23064445499949215,0.8268989769008838,0.1882463812537294,0.9999204580006764,0.8128993964517082,0.18702106154896805,0.8256613259496655,0.17407794167503698,0.8256379876330042,0.17395994274857782,5.457128826830804,ok,
crossinh_contrarians,100,0,0,10,10,0.1,35,40,46046,337068,0.24384147399905487,3.80919134099895,4.054975405000732,0.8214808418567102,0.2243118951163768,0.999664294254795,0.7802643427775038,0.21939995147728925,0.8161798458956566,0.18026496264633143,0.8158557415724723,0.1785182801207651,5.820236970240773,ok,
voter_zealots,100,10,10,0,20,0.2,35,40,81,160,0.01939128899903153,0.015384488999188761,0.03483688199958124,0.9999808717942014,0.8900534441015393,1.0000000000000007,0.6249232095925737,0.37507679040742514,0.0,0.0,0.0,0.0,0.6389015840341632,ok,
voter_contrarians,100,0,0,20,20,0.2,35,40,1701,9636,0.0235090019996278,0.05696745800014469,0.08060854499854031,0.9999974147163952,0.9962851924950656,0.9999999999999999,0.5748052880238512,0.4251947119761481,0.0,0.0,0.0,0.0,0.5161588513916616,ok,
crossinh_zealots,100,10,10,0,20,0.2,35,40,3321,12960,0.030956571999922744,0.14378604699959396,0.17490696700042463,0.866290241561183,0.17476054912975514,0.9996445073469237,0.8276223772040815,0.172022130142843,0.8626081430697934,0.1314211088934969,0.8621355106346638,0.12620917675180895,5.990277358089797,ok,
crossinh_contrarians,100,0,0,20,20,0.2,35,40,69741,527638,0.3809615779991873,3.4007391209997877,3.783827900999313,0.8944400570892099,0.30631508953581094,0.997978665511955,0.7270156080929921,0.2709630574189637,0.0,0.0,0.0,0.0,6.079902622093308,ok,
voter_zealots,100,13,13,0,26,0.26,35,40,75,148,0.016030280999984825,0.00806355100030487,0.024158287000318523,0.9999909657036239,0.9327123961425807,0.9999999999999978,0.6258907084350113,0.3741092915649867,0.0,0.0,0.0,0.0,0.7022534201105194,ok,
voter_contrarians,100,0,0,26,26,0.26,35,40,2025,11592,0.023295410001082928,0.07183211399933498,0.09526968299906002,0.9999988167174623,0.9994257774850774,1.0,0.5593240216363506,0.44067597836364814,0.0,0.0,0.0,0.0,0.5165280040162811,ok,
crossinh_zealots,100,13,13,0,26,0.26,35,40,2850,11100,0.030029429999558488,0.10355136600082915,0.13373566500013112,0.9003299197210854,0.1720117500373514,0.9992917288897786,0.8325097737454304,0.1667819551443488,0.8884613469716421,0.0,0.8830479553765271,0.0,6.2910872230268176,ok,
crossinh_contrarians,100,0,0,26,26,0.26,35,40,76950,586204,0.40248798500033445,4.293338626001059,4.699007896000694,0.9245103431653701,0.4327526907245392,0.9975309964986889,0.6730864551305367,0.32444454136815176,0.0,0.0,0.0,0.0,5.522350924846686,ok,
voter_zealots,100,20,20,0,40,0.4,35,40,61,120,0.01639670400072646,0.007881285000621574,0.024349381999854813,0.9999947885568294,0.9731205662589436,0.9999999999999989,0.6289289347215345,0.3710710652784631,0.0,0.0,0.0,0.0,0.9130692046664387,ok,
voter_contrarians,100,0,0,40,40,0.4,35,40,2501,14476,0.028487431998655666,0.08726213899899449,0.11590498099940305,0.9999995931748418,0.9999937529543039,1.0000000000000004,0.5239132573628895,0.47608674263710965,0.0,0.0,0.0,0.0,0.5043894752375206,ok,
crossinh_zealots,100,20,20,0,40,0.4,35,40,1891,7320,0.02599682199979725,0.0452050429994415,0.07134114200016484,0.9636902425148941,0.20686354169102888,0.9980064269837012,0.8251682241373499,0.17283820284635312,0.0,0.0,0.0,0.0,6.751488992561056,ok,
crossinh_contrarians,100,0,0,40,40,0.4,35,40,77531,593778,0.43255930700070166,4.114809460001197,4.550405895000949,0.9669572248151558,0.8401360593961,0.9998649352239897,0.5424535375762867,0.457411397647705,0.0,0.0,0.0,0.0,2.7675678738970624,ok,
voter_zealots,100,25,25,0,50,0.5,35,40,51,100,0.018002712000452448,0.009983423999074148,0.028048429998307256,0.9999903935794349,0.9801969063616631,1.0,0.6321818736370515,0.3678181263629474,0.0,0.0,0.0,0.0,1.160970388055505,ok,
voter_contrarians,100,0,0,50,50,0.5,35,40,2601,15096,0.027997571000014432,0.09757023000020126,0.12573711599907256,0.9999997556002633,0.999999775727612,0.9999999999999979,0.5007507158014013,0.4992492841985968,0.0,0.0,0.0,0.0,0.4862832078564057,ok,
crossinh_zealots,100,25,25,0,50,0.5,35,40,1326,5100,0.02393122399917047,0.037352640998506104,0.0613876679999521,0.9737408216149895,0.2948620177414595,0.9974873288213705,0.8052009630279973,0.1922863657933738,0.0,0.0,0.0,0.0,6.774156869470068,ok,
crossinh_contrarians,100,0,0,50,50,0.5,35,40,67626,517348,0.3640765019990795,3.194813346000956,3.5621120520008844,0.992121763861602,0.9824554636249287,0.9999998415496317,0.4863163780806681,0.5136834634689634,0.0,0.0,0.0,0.0,1.3920608374853976,ok,
voter_zealots,100,30,30,0,60,0.6,35,40,41,80,0.01689362499928393,0.010606957999698352,0.027570541999011766,0.9999564775924225,0.9775233759629178,0.9999999999925921,0.6371234348242263,0.36287656516836714,0.0,0.0,0.0,0.0,1.5895334956389535,ok,
voter_contrarians,100,0,0,60,60,0.6,35,40,2501,14516,0.027198195000892156,0.08162658999935957,0.10898025700043945,0.9999998509465562,0.9999999925082219,0.9999999999999992,0.480303434113834,0.5196965658861652,0.0,0.0,0.0,0.0,0.4627627489034803,ok,
crossinh_zealots,100,30,30,0,60,0.6,35,40,861,3280,0.01846092499908991,0.02929877299902728,0.04789574200003699,0.9733695119710022,0.3988744846695363,0.9968730825641259,0.7837231107939929,0.21314997177013367,0.0,0.0,0.0,0.0,6.971880775289317,ok,
crossinh_contrarians,100,0,0,60,60,0.6,35,40,52521,399918,0.2750244050002948,2.3209241820004536,2.597497984999791,0.9993857896888216,0.9997289544269821,0.9999999999998694,0.45894054118781896,0.5410594588120512,0.0,0.0,0.0,0.0,0.8217087692709563,ok,
voter_zealots,200,0,0,0,0,0.0,35,40,201,400,0.15611264600011054,0.05163277700012259,0.20821398699990823,0.9995121746537488,0.36739323118011,0.9999999999999939,0.7312226364662066,0.2687773635337877,0.9956232291457277,2.380544727553225e-05,0.9877854774641831,2.380544727553225e-05,0.9264467083700598,ok,
voter_contrarians,200,0,0,0,0,0.0,35,40,201,400,0.024493314998835558,0.02775191600085236,0.05230332499922952,0.9995121746537488,0.36739323118011,0.9999999999999939,0.7312226364662066,0.2687773635337877,0.9956232291457277,2.380544727553225e-05,0.9877854774641831,2.380544727553225e-05,0.9264467083700598,ok,
crossinh_zealots,200,0,0,0,0,0.0,35,40,20300,79602,0.055305180001596455,1.734031189000234,1.7899457809999149,0.8849954366562695,0.11506291116722657,0.9999823085469006,0.8849220900070641,0.11506021853983678,0.8849913896900566,0.11498715694848016,0.8849907957756281,0.1149862692020211,5.718850705729125,ok,
crossinh_contrarians,200,0,0,0,0,0.0,35,40,20300,79602,0.06885687700014387,1.6852540129984845,1.7547044300008565,0.8849954366562695,0.11506291116722657,0.9999823085469006,0.8849220900070641,0.11506021853983678,0.8849913896900566,0.11498715694848016,0.8849907957756281,0.1149862692020211,5.718850705729125,ok,
voter_zealots,200,10,10,0,20,0.1,35,40,181,360,0.021499559999938356,0.020841816000029212,0.04239814600077807,0.9999814059148797,0.4551568967475728,0.9999999999999956,0.7347940881241206,0.26520591187587517,0.0,0.0,0.0,0.0,1.0650567730044722,ok,
voter_contrarians,200,0,0,20,20,0.1,35,40,3801,21636,0.034657246998904156,0.19386728000063158,0.2286582950000593,0.9999910538290104,0.7343287057971428,0.9999999999999987,0.694277720394093,0.3057222796059045,0.0,0.0,0.0,0.0,1.007159530378468,ok,
crossinh_zealots,200,10,10,0,20,0.1,35,40,16471,65160,0.07697484799973608,1.241791506001391,1.319180681999569,0.9083297638229465,0.0921150038218165,0.9998122075678098,0.9077019201771284,0.09211028739068197,0.9082983456853538,0.09140355978980126,0.908287352285043,0.09138247831170121,6.487533328631039,ok,
crossinh_contrarians,200,0,0,20,20,0.1,35,40,345891,2645138,1.9139982920005423,106.74895176700011,108.67424410199965,0.8991776564626474,0.1035764053507123,0.9988676970677202,0.8953519583016603,0.10351573876605911,0.8987765268903382,0.09844155591664697,0.8986405519627443,0.09808909816576009,7.742503335940548,ok,
voter_zealots,200,20,20,0,40,0.2,35,40,161,320,0.018616285000462085,0.016947395999522996,0.03564143900075578,0.9999943959994847,0.6094341494293612,0.9999999999999923,0.7392829014460434,0.26071709855395014,0.0,0.0,0.0,0.0,1.251644797422694,ok,
voter_contrarians,200,0,0,40,40,0.2,35,40,6601,38476,0.041281884999989416,0.33871409200037306,0.3802156029996695,0.999993546106708,0.9562966027743878,0.999999999999993,0.6496511242265552,0.3503488757734366,0.0,0.0,0.0,0.0,1.0731283612358307,ok,
crossinh_zealots,200,20,20,0,40,0.2,35,40,13041,51520,0.06808841800011578,0.9369366649989388,1.0053818380001758,0.9394165938047231,0.06469409581672014,0.9989433421492421,0.9342650092907575,0.06467833285848287,0.9389379177165834,0.05733070534142774,0.9387552099372054,0.056687322385659676,7.479101120685661,ok,
crossinh_contrarians,200,0,0,40,40,0.2,35,40,534681,4159278,3.256381383000189,95.86373982400073,99.14501125999959,0.9297448140974479,0.09207677375272301,0.9845559062298049,0.8937163246458651,0.09083958158393961,0.0,0.0,0.0,0.0,11.010192395111536,ok,
voter_zealots,200,25,25,0,50,0.25,35,40,151,300,0.019490815999233746,0.016446927998913452,0.036015766998389154,0.9999950044761594,0.6736718787518637,0.9999999999999645,0.7419853586986103,0.2580146413013557,0.0,0.0,0.0,0.0,1.3713122922526857,ok,
voter_contrarians,200,0,0,50,50,0.25,35,40,7701,45096,0.046460071000183234,0.39629548100128886,0.44300280700008443,0.9999917151347651,0.9843982408587351,0.9999999999999942,0.6251982533229078,0.3748017466770859,0.0,0.0,0.0,0.0,1.097349747065895,ok,
crossinh_zealots,200,25,25,0,50,0.25,35,40,11476,45300,0.06138219099921116,0.7028861790004157,0.7646295630001987,0.9569475732139908,0.0520026276812981,0.998079371942985,0.9461173178851033,0.05196205405787885,0.9551466694024392,0.026150466159160016,0.9544347208119426,0.0,8.063905113757489,ok,
crossinh_contrarians,200,0,0,50,50,0.25,35,40,585276,4566848,3.5751753650001774,109.91477027899964,113.51246122200064,0.9108790075424386,0.10987757456196434,0.9589728077762151,0.8550834781608867,0.10388932961532882,0.0,0.0,0.0,0.0,13.050337523591706,ok,
voter_zealots,200,40,40,0,80,0.4,35,40,121,240,0.019979190999947605,0.01749467500121682,0.03756897600032971,0.9999843795774906,0.7729362312633208,0.9999999996423472,0.7528129803201385,0.24718701932220818,0.0,0.0,0.0,0.0,1.9166139930196202,ok,
voter_contrarians,200,0,0,80,80,0.4,35,40,9801,57756,0.07336623999981384,0.5091801979997399,0.5828954030002933,0.9999737623169772,0.9994421752469337,0.9999999999999954,0.5488375424260097,0.4511624575739869,0.0,0.0,0.0,0.0,1.1244980902598434,ok,
crossinh_zealots,200,40,40,0,80,0.4,35,40,7381,29040,0.05019573499885155,0.2591680189998442,0.30973198500032595,0.980170586754526,0.03351222125020841,0.9898102608722115,0.9573544076843693,0.03245585318784449,0.0,0.0,0.0,0.0,10.27057955818384,ok,
crossinh_contrarians,200,0,0,80,80,0.4,35,40,597861,4679558,3.686687138999332,102.80026604900013,106.51155704399935,0.8139384087648671,0.3863802824585029,0.9268183958288159,0.6428306560575267,0.28398773977129005,0.0,0.0,0.0,0.0,12.920290761306353,ok,
voter_zealots,200,50,50,0,100,0.5,35,40,101,200,0.01818214299964893,0.013543764000132796,0.03179684799943061,0.9999032229134075,0.7693418576242143,0.9999998537862248,0.7635549202291524,0.23644493355707238,0.0,0.0,0.0,0.0,2.59158273231601,ok,
voter_contrarians,200,0,0,100,100,0.5,35,40,10201,60196,0.05569035000007716,0.5340789940000832,0.5900725009996677,0.999947134862778,0.9999485544359107,0.9999999999999937,0.5003398918039166,0.49966010819607676,0.0,0.0,0.0,0.0,1.1036614511141334,ok,
crossinh_zealots,200,50,50,0,100,0.5,35,40,5151,20200,0.03710174200023175,0.16062302400132467,0.19789519000005384,0.9623035619781992,0.042221490091941316,0.9716694810057629,0.9359710592071588,0.035698421798605294,0.0,0.0,0.0,0.0,11.999509547751073,ok,
crossinh_contrarians,200,0,0,100,100,0.5,35,40,520251,4069698,3.3313810039999225,83.6682975879994,87.01714567999989,0.8868772112936583,0.7752522772158135,0.9914844971683401,0.5228951181327661,0.4685893790355751,0.0,0.0,0.0,0.0,6.207338176466997,ok,
voter_zealots,200,60,60,0,120,0.6,35,40,81,160,0.01607449400034966,0.010547222000241163,0.02667697600008978,0.9987778729480135,0.6971603060492533,0.9999563850390183,0.7791410948472292,0.22081529019178878,0.0,0.0,0.0,0.0,3.9366856613192804,ok,
voter_contrarians,200,0,0,120,120,0.6,35,40,9801,57836,0.05452010999943013,0.4929178000002139,0.5477459659996384,0.99991202647296,0.9999958434326998,0.9999999999999981,0.4572791962086588,0.5427208037913378,0.0,0.0,0.0,0.0,1.057586397574754,ok,
crossinh_zealots,200,60,60,0,120,0.6,35,40,3321,12960,0.03043542100022023,0.10196536799958267,0.13254933300049743,0.9287218234680216,0.06557150417116263,0.9433021706311663,0.8965236919207038,0.046778478710458524,0.0,0.0,0.0,0.0,13.86230561526003,ok,
crossinh_contrarians,200,0,0,120,120,0.6,35,40,401841,3135838,2.4903949060008017,57.16915049899944,59.6763997500002,0.9740359283373966,0.9853529734288736,0.9999884116262676,0.4356016540657962,0.56438675756047,0.0,0.0,0.0,0.0,2.495896400444863,ok,
voter_zealots,500,0,0,0,0,0.0,35,40,501,1000,0.1495225449998543,0.08885720699981903,0.23879814199972316,0.9999991663476508,0.08191384149521302,0.9999999999991187,0.9242879594733645,0.07571204052575561,0.9999946348218799,3.3175035329435923e-12,0.9999855367085324,3.3175035329435923e-12,1.7002440078084444,ok,
voter_contrarians,500,0,0,0,0,0.0,35,40,501,1000,0.02240369900027872,0.06907884900101635,0.09155832400028885,0.9999991663476508,0.08191384149521302,0.9999999999991187,0.9242879594733645,0.07571204052575561,0.9999946348218799,3.3175035329435923e-12,0.9999855367085324,3.3175035329435923e-12,1.7002440078084444,ok,
crossinh_zealots,500,0,0,0,0,0.0,35,40,125750,499002,0.286946184000044,28.217316080999808,28.508111002000078,0.9714735939633027,0.028516164924701482,0.9999897585365115,0.9714735936121757,0.028516164924332954,0.9714732928971297,0.02851568255469155,0.9714731383713375,0.028515470137706864,5.778256891845626,ok,
crossinh_contrarians,500,0,0,0,0,0.0,35,40,125750,499002,0.328659061999133,29.40610381099941,29.73723472599886,0.9714735939633027,0.028516164924701482,0.9999897585365115,0.9714735936121757,0.028516164924332954,0.9714732928971297,0.02851568255469155,0.9714731383713375,0.028515470137706864,5.778256891845626,ok,
voter_zealots,500,25,25,0,50,0.1,35,40,451,900,0.01530280900078651,0.03254096599994227,0.047902573000101256,0.9999998872507625,0.08026916792984465,0.9999999999174606,0.9314532964959058,0.06854670342155209,0.0,0.0,0.0,0.0,2.0086461490529506,ok,
voter_contrarians,500,0,0,50,50,0.1,35,40,23001,135096,0.0977359089993115,2.484331615998599,2.582693079000819,0.9999991705010315,0.18923163703458587,0.9999999988710849,0.8948030101577072,0.10519698871337879,0.0,0.0,0.0,0.0,2.1558684894244053,ok,
crossinh_zealots,500,25,25,0,50,0.1,35,40,101926,405900,0.38284381499943265,18.75865353500012,19.144722576000277,0.982499010253063,0.017399392377059487,0.9998981031842831,0.9824987108081085,0.017399392376176544,0.9824943521448319,0.01738983463749495,0.9824921900930579,0.017386441223166856,6.516391053905604,ok,
