model,N,Za,Zb,C,disruptor_count,disruptor_fraction,t,h,qa,qb,stable_a,stable_a_ci_lo,stable_a_ci_hi,stable_b,stable_b_ci_lo,stable_b_ci_hi,stable_consensus,stable_consensus_ci_lo,stable_consensus_ci_hi,reach_a,reach_a_ci_lo,reach_a_ci_hi,reach_b,reach_b_ci_lo,reach_b_ci_hi,reach_consensus,reach_consensus_ci_lo,reach_consensus_ci_hi,episodes,confidence,base_seed,config_seed,total_time,status,error
voter_zealots,20,0,0,0,0,0.0,35,40,1.05,0.95,0.716,0.6983766627469534,0.7329873249295715,0.26666666666666666,0.25003889776457844,0.28398148591818784,0.9826666666666667,0.9768982302545774,0.9870138903559289,0.9462222222222222,0.9368849407928392,0.9542456016500229,0.852,0.837846757831855,0.8651167776410004,1.0,0.9985277492512151,1.0,4500,0.99,0,6141977901675610672,1.2993857440014835,ok,
voter_contrarians,20,0,0,0,0,0.0,35,40,1.05,0.95,0.728,0.7105868012254625,0.7447418524330917,0.2597777777777778,0.24330203598808925,0.2769608542605492,0.9877777777777778,0.9827829703673204,0.9913363227910871,0.9522222222222222,0.9433452619361428,0.9597676134977339,0.8562222222222222,0.8422249289901669,0.8691706185874766,1.0,0.9985277492512151,1.0,4500,0.99,0,4476300906514953645,1.3785161070045433,ok,
crossinh_zealots,20,0,0,0,0,0.0,35,40,1.05,0.95,0.6424444444444445,0.6238435891190387,0.6606258718898631,0.35733333333333334,0.33915476546914597,0.375931983411174,0.9997777777777778,0.998110049781248,0.9999739093591887,0.7491111111111111,0.7321060069833025,0.7653827071991917,0.5471111111111111,0.5279420161161351,0.5661414873688683,1.0,0.9985277492512151,1.0,4500,0.99,0,6729267635567133820,1.0315025849995436,ok,
crossinh_contrarians,20,0,0,0,0,0.0,35,40,1.05,0.95,0.6375555555555555,0.6189072684412555,0.6557988101305232,0.36244444444444446,0.34420118986947684,0.3810927315587445,1.0,0.9985277492512151,1.0,0.7397777777777778,0.722586040655588,0.756263488874217,0.556,0.5368531235653741,0.5749819843507621,1.0,0.9985277492512151,1.0,4500,0.99,0,14579540460416574617,0.9650212850028765,ok,
voter_zealots,20,1,1,0,2,0.1,35,40,1.05,0.95,0.11711111111111111,0.10532399971115579,0.13002563941780265,0.004666666666666667,0.002681100399548863,0.008110742675580755,0.12177777777777778,0.10977419101828241,0.13489504043702072,0.9984444444444445,0.9960298000700901,0.9993914184056768,0.978,0.971624210610195,0.9829683176739666,1.0,0.9985277492512151,1.0,4500,0.99,0,14366477098669068671,6.739260888003628,ok,
voter_contrarians,20,0,0,2,2,0.1,35,40,1.05,0.95,0.005555555555555556,0.003340096135707718,0.009226907382535171,0.0,0.0,0.0014722507487849438,0.005555555555555556,0.003340096135707718,0.009226907382535171,1.0,0.9985277492512151,1.0,0.998,0.995402371035322,0.9991312672188882,1.0,0.9985277492512151,1.0,4500,0.99,0,504846181248423171,9.427810111003055,ok,
crossinh_zealots,20,1,1,0,2,0.1,35,40,1.05,0.95,0.6517777777777778,0.6332732636704747,0.6698353819911164,0.346,0.3279730093665949,0.3644804438640308,0.9977777777777778,0.9950951875482201,0.9989946605952118,0.7695555555555555,0.7529955914230089,0.7853218129510906,0.5691111111111111,0.5500082816901886,0.5880104427618682,1.0,0.9985277492512151,1.0,4500,0.99,0,4133126059682332886,2.9830574359948514,ok,
crossinh_contrarians,20,0,0,2,2,0.1,35,40,1.05,0.95,0.6024444444444444,0.5835150592643032,0.6210721818045013,0.22511111111111112,0.2094852998524765,0.24154633311474438,0.8275555555555556,0.8125704300713406,0.8415761932159,0.8151111111111111,0.7997444788865334,0.8295498981971213,0.6437777777777778,0.6251902184323688,0.6619419832412028,1.0,0.9985277492512151,1.0,4500,0.99,0,8328134668304072622,5.747268425002403,ok,
voter_zealots,20,2,2,0,4,0.2,35,40,1.05,0.95,0.006,0.003676151602757706,0.009778432137041819,0.00022222222222222223,2.6090640811303424e-05,0.001889950218751958,0.006222222222222222,0.003845616518066919,0.010052757332510922,1.0,0.9985277492512151,1.0,0.9957777777777778,0.9924550532645721,0.9976406838818549,1.0,0.9985277492512151,1.0,4500,0.99,0,10777002257774778693,6.778439396999602,ok,
voter_contrarians,20,0,0,4,4,0.2,35,40,1.05,0.95,0.0,0.0,0.0014722507487849438,0.0,0.0,0.0014722507487849438,0.0,0.0,0.0014722507487849438,1.0,0.9985277492512151,1.0,1.0,0.9985277492512151,1.0,1.0,0.9985277492512151,1.0,4500,0.99,0,17436233662949723822,10.667720752993773,ok,
crossinh_zealots,20,2,2,0,4,0.2,35,40,1.05,0.95,0.6491111111111111,0.6305782898557275,0.6672048744765238,0.208,0.19285050342522578,0.2240092910120646,0.8571111111111112,0.8431471470872812,0.8700235609334755,0.83,0.8150929706225135,0.8439353438832883,0.6024444444444444,0.5835150592643032,0.6210721818045013,1.0,0.9985277492512151,1.0,4500,0.99,0,16750514138420182385,4.822097998003301,ok,
crossinh_contrarians,20,0,0,4,4,0.2,35,40,1.05,0.95,0.014666666666666666,0.010713558299886324,0.020048839760267598,0.0015555555555555555,0.0006085815943231792,0.003970199929909988,0.01622222222222222,0.012035175742421987,0.021833753093180155,0.9597777777777777,0.9515316190284862,0.9666701201718533,0.86,0.8461455797607784,0.8727943997000964,1.0,0.9985277492512151,1.0,4500,0.99,0,15711193306479248842,9.830631438999262,ok,
voter_zealots,20,3,3,0,6,0.3,35,40,1.05,0.95,0.00022222222222222223,2.6090640811303424e-05,0.001889950218751958,0.0,0.0,0.0014722507487849438,0.00022222222222222223,2.6090640811303424e-05,0.001889950218751958,1.0,0.9985277492512151,1.0,0.9995555555555555,0.9977269420250728,0.9999132270045857,1.0,0.9985277492512151,1.0,4500,0.99,0,317030762918043422,6.386106378995464,ok,
voter_contrarians,20,0,0,6,6,0.3,35,40,1.05,0.95,0.0,0.0,0.0014722507487849438,0.0,0.0,0.0014722507487849438,0.0,0.0,0.0014722507487849438,1.0,0.9985277492512151,1.0,1.0,0.9985277492512151,1.0,1.0,0.9985277492512151,1.0,4500,0.99,0,3260085495065285027,11.498127851999016,ok,
crossinh_zealots,20,3,3,0,6,0.3,35,40,1.05,0.95,0.31577777777777777,0.2982116434279429,0.33388635473683165,0.029333333333333333,0.023514790755134546,0.03653775461638835,0.3451111111111111,0.32709648880967607,0.3635818039778364,0.9071111111111111,0.8953577335924986,0.9176657493533796,0.6675555555555556,0.6492315295845356,0.685386213942316,1.0,0.9985277492512151,1.0,4500,0.99,0,5323477824443046216,6.781137798992859,ok,
crossinh_contrarians,20,0,0,6,6,0.3,35,40,1.05,0.95,0.0,0.0,0.0014722507487849438,0.0,0.0,0.0014722507487849438,0.0,0.0,0.0014722507487849438,0.9953333333333333,0.9918892573244192,0.9973188996004511,0.9802222222222222,0.9741261682631721,0.9849042611287726,1.0,0.9985277492512151,1.0,4500,0.99,0,6427319864568328531,12.509791015996598,ok,
voter_zealots,20,4,4,0,8,0.4,35,40,1.05,0.95,0.0,0.0,0.0014722507487849438,0.0,0.0,0.0014722507487849438,0.0,0.0,0.0014722507487849438,1.0,0.9985277492512151,1.0,1.0,0.9985277492512151,1.0,1.0,0.9985277492512151,1.0,4500,0.99,0,8675414786970160076,6.255274870993162,ok,
voter_contrarians,20,0,0,8,8,0.4,35,40,1.05,0.95,0.0,0.0,0.0014722507487849438,0.0,0.0,0.0014722507487849438,0.0,0.0,0.0014722507487849438,1.0,0.9985277492512151,1.0,1.0,0.9985277492512151,1.0,1.0,0.9985277492512151,1.0,4500,0.99,0,10775444357921108699,11.49762971099699,ok,
crossinh_zealots,20,4,4,0,8,0.4,35,40,1.05,0.95,0.03155555555555556,0.02550227628877217,0.038988170190533904,0.00022222222222222223,2.6090640811303424e-05,0.001889950218751958,0.03177777777777778,0.025701519379675068,0.03923271721040932,0.9753333333333334,0.9686410724333433,0.9806259745214786,0.8133333333333334,0.7979143149423406,0.8278297412550876,1.0,0.9985277492512151,1.0,4500,0.99,0,4399366198684860920,7.123975406000682,ok,
crossinh_contrarians,20,0,0,8,8,0.4,35,40,1.05,0.95,0.0,0.0,0.0014722507487849438,0.0,0.0,0.0014722507487849438,0.0,0.0,0.0014722507487849438,0.9995555555555555,0.9977269420250728,0.9999132270045857,0.9991111111111111,0.9970170815195558,0.9997355072885459,1.0,0.9985277492512151,1.0,4500,0.99,0,3546383078101150042,12.527790453998023,ok,
voter_zealots,20,5,5,0,10,0.5,35,40,1.05,0.95,0.0,0.0,0.0014722507487849438,0.0,0.0,0.0014722507487849438,0.0,0.0,0.0014722507487849438,1.0,0.9985277492512151,1.0,1.0,0.9985277492512151,1.0,1.0,0.9985277492512151,1.0,4500,0.99,0,3889926822555782205,5.29836363200593,ok,
voter_contrarians,20,0,0,10,10,0.5,35,40,1.05,0.95,0.0,0.0,0.0014722507487849438,0.0,0.0,0.0014722507487849438,0.0,0.0,0.0014722507487849438,1.0,0.9985277492512151,1.0,1.0,0.9985277492512151,1.0,1.0,0.9985277492512151,1.0,4500,0.99,0,16836831420637822368,11.115285879997828,ok,
crossinh_zealots,20,5,5,0,10,0.5,35,40,1.05,0.95,0.0022222222222222222,0.0010053394047882052,0.004904812451779917,0.0,0.0,0.0014722507487849438,0.0022222222222222222,0.0010053394047882052,0.004904812451779917,0.9906666666666667,0.9861846816869149,0.9937038829116109,0.9135555555555556,0.9021468368419417,0.9237465593165076,1.0,0.9985277492512151,1.0,4500,0.99,0,4214055381115339324,6.7511262180050835,ok,
crossinh_contrarians,20,0,0,10,10,0.5,35,40,1.05,0.95,0.0,0.0,0.0014722507487849438,0.0,0.0,0.0014722507487849438,0.0,0.0,0.0014722507487849438,1.0,0.9985277492512151,1.0,1.0,0.9985277492512151,1.0,1.0,0.9985277492512151,1.0,4500,0.99,0,17659005723052760706,12.267987901999732,ok,
voter_zealots,20,6,6,0,12,0.6,35,40,1.05,0.95,0.0,0.0,0.0014722507487849438,0.0,0.0,0.0014722507487849438,0.0,0.0,0.0014722507487849438,1.0,0.9985277492512151,1.0,1.0,0.9985277492512151,1.0,1.0,0.9985277492512151,1.0,4500,0.99,0,11598370664772407040,4.392227675001777,ok,
voter_contrarians,20,0,0,12,12,0.6,35,40,1.05,0.95,0.0,0.0,0.0014722507487849438,0.0,0.0,0.0014722507487849438,0.0,0.0,0.0014722507487849438,1.0,0.9985277492512151,1.0,1.0,0.9985277492512151,1.0,1.0,0.9985277492512151,1.0,4500,0.99,0,13429842968518510816,10.671872218001226,ok,
crossinh_zealots,20,6,6,0,12,0.6,35,40,1.05,0.95,0.0,0.0,0.0014722507487849438,0.0,0.0,0.0014722507487849438,0.0,0.0,0.0014722507487849438,0.9937777777777778,0.9899472426674891,0.9961543834819331,0.9577777777777777,0.9493584077030223,0.9648492205003124,1.0,0.9985277492512151,1.0,4500,0.99,0,9939210473747529665,5.762839406997955,ok,
crossinh_contrarians,20,0,0,12,12,0.6,35,40,1.05,0.95,0.0,0.0,0.0014722507487849438,0.0,0.0,0.0014722507487849438,0.0,0.0,0.0014722507487849438,1.0,0.9985277492512151,1.0,1.0,0.9985277492512151,1.0,1.0,0.9985277492512151,1.0,4500,0.99,0,10963921808463076740,11.457083374996728,ok,
voter_zealots,50,0,0,0,0,0.0,35,40,1.05,0.95,0.8635555555555555,0.8498385845072421,0.8762020367260858,0.068,0.05895562621905722,0.07831639842789298,0.9315555555555556,0.9212107126822536,0.9406296824492396,0.9775555555555555,0.9711256491771222,0.9825792988854828,0.7113333333333334,0.6936323685552089,0.7284120267949713,1.0,0.9985277492512151,1.0,4500,0.99,0,6539591449098291207,5.87281290700048,ok,
voter_contrarians,50,0,0,0,0,0.0,35,40,1.05,0.95,0.8615555555555555,0.8477609080186687,0.8742856022176543,0.06577777777777778,0.05688395861974618,0.07595016491942086,0.9273333333333333,0.9167239492540633,0.9366844337726419,0.9775555555555555,0.9711256491771222,0.9825792988854828,0.7164444444444444,0.6988286183484712,0.7334229495496104,1.0,0.9985277492512151,1.0,4500,0.99,0,15852119305776717449,6.253261910002038,ok,
crossinh_zealots,50,0,0,0,0,0.0,35,40,1.05,0.95,0.7275555555555555,0.7101342987700978,0.7443067746668994,0.27244444444444443,0.2556932253331004,0.28986570122990213,1.0,0.9985277492512151,1.0,0.7455555555555555,0.7284781665455518,0.7619099058644894,0.3253333333333333,0.30761236824359217,0.34356860468465,1.0,0.9985277492512151,1.0,4500,0.99,0,11881256903863728628,2.9123534520040266,ok,
crossinh_contrarians,50,0,0,0,0,0.0,35,40,1.05,0.95,0.7164444444444444,0.6988286183484712,0.7334229495496104,0.28355555555555556,0.2665770504503897,0.3011713816515288,1.0,0.9985277492512151,1.0,0.7326666666666667,0.7153393789997632,0.7493088669851357,0.334,0.31614596623940333,0.3523428210091933,1.0,0.9985277492512151,1.0,4500,0.99,0,7847198233784183845,2.990604484002688,ok,
voter_zealots,50,3,3,0,6,0.12,35,40,1.05,0.95,0.09733333333333333,0.08653744858054375,0.10931487068914437,0.0,0.0,0.0014722507487849438,0.09733333333333333,0.08653744858054375,0.10931487068914437,0.9993333333333333,0.9973647865727697,0.9998315923461103,0.9026666666666666,0.8906851293108556,0.9134625514194562,1.0,0.9985277492512151,1.0,4500,0.99,0,11037335672523503926,19.758382872001675,ok,
voter_contrarians,50,0,0,6,6,0.12,35,40,1.05,0.95,0.0006666666666666666,0.00016840765388963707,0.0026352134272302602,0.0,0.0,0.0014722507487849438,0.0006666666666666666,0.00016840765388963707,0.0026352134272302602,1.0,0.9985277492512151,1.0,0.9893333333333333,0.9846059797846113,0.9926198441492445,1.0,0.9985277492512151,1.0,4500,0.99,0,11514171263961511337,29.220962348001194,ok,
crossinh_zealots,50,3,3,0,6,0.12,35,40,1.05,0.95,0.7466666666666667,0.729611708404058,0.7629953145598748,0.2528888888888889,0.2365705621458058,0.26993483466870477,0.9995555555555555,0.9977269420250728,0.9999132270045857,0.7693333333333333,0.7527682513342393,0.7851053629290818,0.34555555555555556,0.32753474029367907,0.36403113271539006,1.0,0.9985277492512151,1.0,4500,0.99,0,13188780206006825369,9.220999089993711,ok,
crossinh_contrarians,50,0,0,6,6,0.12,35,40,1.05,0.95,0.7293333333333333,0.7119444374818719,0.746046956841352,0.19177777777777777,0.17711853725486099,0.2073445790956122,0.9211111111111111,0.910129367880509,0.9308528920444031,0.7997777777777778,0.783975728716772,0.8146971307231788,0.41933333333333334,0.4005180860129223,0.4383861037745483,1.0,0.9985277492512151,1.0,4500,0.99,0,2805926127262183241,18.398973620001925,ok,
voter_zealots,50,5,5,0,10,0.2,35,40,1.05,0.95,0.004888888888888889,0.0028440434741396022,0.008391589711768333,0.0,0.0,0.0014722507487849438,0.004888888888888889,0.0028440434741396022,0.008391589711768333,0.9997777777777778,0.998110049781248,0.9999739093591887,0.9571111111111111,0.9486350550441865,0.9642412028268131,1.0,0.9985277492512151,1.0,4500,0.99,0,14863818007850141109,19.7858641060011,ok,
voter_contrarians,50,0,0,10,10,0.2,35,40,1.05,0.95,0.0,0.0,0.0014722507487849438,0.0,0.0,0.0014722507487849438,0.0,0.0,0.0014722507487849438,1.0,0.9985277492512151,1.0,0.9991111111111111,0.9970170815195558,0.9997355072885459,1.0,0.9985277492512151,1.0,4500,0.99,0,6553385651818765976,30.180087834000005,ok,
crossinh_zealots,50,5,5,0,10,0.2,35,40,1.05,0.95,0.7735555555555556,0.7570888013740386,0.7892168249940706,0.2008888888888889,0.18594946092058537,0.21670904997179888,0.9744444444444444,0.9676508154686589,0.9798410710430496,0.8106666666666666,0.7951700254389437,0.8252485494291445,0.3488888888888889,0.3308221859750256,0.36740053869571837,1.0,0.9985277492512151,1.0,4500,0.99,0,5902351486841408340,13.088718541999697,ok,
crossinh_contrarians,50,0,0,10,10,0.2,35,40,1.05,0.95,0.07755555555555556,0.06789583393813925,0.08845916547227861,0.0008888888888888889,0.0002644927114541086,0.0029829184804441066,0.07844444444444444,0.06872991954819464,0.08940024030533648,0.9057777777777778,0.8939551653863933,0.9164055768948149,0.5737777777777778,0.5546938905846344,0.5926444261937673,1.0,0.9985277492512151,1.0,4500,0.99,0,9246013780289282335,27.97617062000063,ok,
voter_zealots,50,6,6,0,12,0.24,35,40,1.05,0.95,0.00044444444444444447,8.677299541430235e-05,0.002273057974927277,0.0,0.0,0.0014722507487849438,0.00044444444444444447,8.677299541430235e-05,0.002273057974927277,1.0,0.9985277492512151,1.0,0.9773333333333334,0.9708765828913397,0.9823845750604872,1.0,0.9985277492512151,1.0,4500,0.99,0,3738064943149151064,18.9233693089991,ok,
voter_contrarians,50,0,0,12,12,0.24,35,40,1.05,0.95,0.0,0.0,0.0014722507487849438,0.0,0.0,0.0014722507487849438,0.0,0.0,0.0014722507487849438,1.0,0.9985277492512151,1.0,0.9995555555555555,0.9977269420250728,0.9999132270045857,1.0,0.9985277492512151,1.0,4500,0.99,0,10857425729984122491,30.55390994499612,ok,
crossinh_zealots,50,6,6,0,12,0.24,35,40,1.05,0.95,0.7868888888888889,0.7707481469226359,0.8021848860921722,0.13066666666666665,0.11826696858943037,0.1441538672970054,0.9175555555555556,0.9063696316238689,0.9275119865285902,0.838,0.8233561960491023,0.851648562444719,0.35555555555555557,0.33740001919267465,0.3741364088014188,1.0,0.9985277492512151,1.0,4500,0.99,0,4167339341004319814,14.799641135999991,ok,
crossinh_contrarians,50,0,0,12,12,0.24,35,40,1.05,0.95,0.0024444444444444444,0.0011455593705951002,0.0052083825967513386,0.0,0.0,0.0014722507487849438,0.0024444444444444444,0.0011455593705951002,0.0052083825967513386,0.9413333333333334,0.9316432778282362,0.9497238821775029,0.6975555555555556,0.6796383606426747,0.71489104783925,1.0,0.9985277492512151,1.0,4500,0.99,0,17790733182124528052,30.473337399002048,ok,
voter_zealots,50,10,10,0,20,0.4,35,40,1.05,0.95,0.0,0.0,0.0014722507487849438,0.0,0.0,0.0014722507487849438,0.0,0.0,0.0014722507487849438,1.0,0.9985277492512151,1.0,0.9951111111111111,0.9916084102882317,0.9971559565258603,1.0,0.9985277492512151,1.0,4500,0.99,0,10010545476204942767,15.809476012000232,ok,
voter_contrarians,50,0,0,20,20,0.4,35,40,1.05,0.95,0.0,0.0,0.0014722507487849438,0.0,0.0,0.0014722507487849438,0.0,0.0,0.0014722507487849438,1.0,0.9985277492512151,1.0,1.0,0.9985277492512151,1.0,1.0,0.9985277492512151,1.0,4500,0.99,0,14893440909269197991,29.67041931800486,ok,
crossinh_zealots,50,10,10,0,20,0.4,35,40,1.05,0.95,0.08333333333333333,0.07332415824572933,0.09456938404492479,0.0,0.0,0.0014722507487849438,0.08333333333333333,0.07332415824572933,0.09456938404492479,0.9571111111111111,0.9486350550441865,0.9642412028268131,0.5086666666666667,0.48947182521864474,0.5278359891017097,1.0,0.9985277492512151,1.0,4500,0.99,0,5044679986579633776,18.041752133001864,ok,
crossinh_contrarians,50,0,0,20,20,0.4,35,40,1.05,0.95,0.0,0.0,0.0014722507487849438,0.0,0.0,0.0014722507487849438,0.0,0.0,0.0014722507487849438,0.9948888888888889,0.9913288160094839,0.99699176069383,0.9773333333333334,0.9708765828913397,0.9823845750604872,1.0,0.9985277492512151,1.0,4500,0.99,0,17092694933376583268,32.147268829001405,ok,
voter_zealots,50,13,13,0,26,0.52,35,40,1.05,0.95,0.0,0.0,0.0014722507487849438,0.0,0.0,0.0014722507487849438,0.0,0.0,0.0014722507487849438,1.0,0.9985277492512151,1.0,0.9971111111111111,0.9941937140663112,0.9985647637447858,1.0,0.9985277492512151,1.0,4500,0.99,0,9089888644799958765,12.760935052996501,ok,
voter_contrarians,50,0,0,26,26,0.52,35,40,1.05,0.95,0.0,0.0,0.0014722507487849438,0.0,0.0,0.0014722507487849438,0.0,0.0,0.0014722507487849438,1.0,0.9985277492512151,1.0,1.0,0.9985277492512151,1.0,1.0,0.9985277492512151,1.0,4500,0.99,0,9227161222688910591,27.98698556599993,ok,
crossinh_zealots,50,13,13,0,26,0.52,35,40,1.05,0.95,0.00044444444444444447,8.677299541430235e-05,0.002273057974927277,0.0,0.0,0.0014722507487849438,0.00044444444444444447,8.677299541430235e-05,0.002273057974927277,0.9817777777777777,0.975887560900995,0.986249399266398,0.6811111111111111,0.6629603391191349,0.6987286011651942,1.0,0.9985277492512151,1.0,4500,0.99,0,2255246415528641507,16.166041545999178,ok,
crossinh_contrarians,50,0,0,26,26,0.52,35,40,1.05,0.95,0.0,0.0,0.0014722507487849438,0.0,0.0,0.0014722507487849438,0.0,0.0,0.0014722507487849438,1.0,0.9985277492512151,1.0,0.9995555555555555,0.9977269420250728,0.9999132270045857,1.0,0.9985277492512151,1.0,4500,0.99,0,5949551557392964494,31.46495009800128,ok,
voter_zealots,50,15,15,0,30,0.6,35,40,1.05,0.95,0.0,0.0,0.0014722507487849438,0.0,0.0,0.0014722507487849438,0.0,0.0,0.0014722507487849438,1.0,0.9985277492512151,1.0,0.9968888888888889,0.9938987505106218,0.9984159371896968,1.0,0.9985277492512151,1.0,4500,0.99,0,13017213492902565522,10.483176367000851,ok,
voter_contrarians,50,0,0,30,30,0.6,35,40,1.05,0.95,0.0,0.0,0.0014722507487849438,0.0,0.0,0.0014722507487849438,0.0,0.0,0.0014722507487849438,1.0,0.9985277492512151,1.0,1.0,0.9985277492512151,1.0,1.0,0.9985277492512151,1.0,4500,0.99,0,7658222367196778130,27.041029464999156,ok,
crossinh_zealots,50,15,15,0,30,0.6,35,40,1.05,0.95,0.0,0.0,0.0014722507487849438,0.0,0.0,0.0014722507487849438,0.0,0.0,0.0014722507487849438,0.9904444444444445,0.9859203994471942,0.9935243750405532,0.758,0.741182152514434,0.774058166099193,1.0,0.9985277492512151,1.0,4500,0.99,0,11039338809981836896,14.619464916002471,ok,
crossinh_contrarians,50,0,0,30,30,0.6,35,40,1.05,0.95,0.0,0.0,0.0014722507487849438,0.0,0.0,0.0014722507487849438,0.0,0.0,0.0014722507487849438,1.0,0.9985277492512151,1.0,1.0,0.9985277492512151,1.0,1.0,0.9985277492512151,1.0,4500,0.99,0,12096176159898833933,29.88009345300088,ok,
voter_zealots,100,0,0,0,0,0.0,35,40,1.05,0.95,0.9473333333333334,0.9380788998475292,0.9552705931492246,0.010222222222222223,0.007017004075564273,0.014869591769023291,0.9575555555555556,0.9491172332124566,0.9646466048801,0.9944444444444445,0.9907730926174648,0.9966599038642924,0.6033333333333334,0.5844098005634148,0.621952600948503,1.0,0.9985277492512151,1.0,4500,0.99,0,4745080541530162608,13.424454897001851,ok,
voter_contrarians,100,0,0,0,0,0.0,35,40,1.05,0.95,0.954,0.9452659293793909,0.9613972669407124,0.008666666666666666,0.0057606824166089934,0.013019382652530345,0.9626666666666667,0.9546796160275044,0.9692913946129533,0.9953333333333333,0.9918892573244192,0.9973188996004511,0.5966666666666667,0.5777008112717245,0.6153478869168437,1.0,0.9985277492512151,1.0,4500,0.99,0,11974748127884531610,13.866023492999375,ok,
crossinh_zealots,100,0,0,0,0,0.0,35,40,1.05,0.95,0.8055555555555556,0.7899132837603235,0.8202981185598635,0.19444444444444445,0.17970188144013657,0.21008671623967642,1.0,0.9985277492512151,1.0,0.8066666666666666,0.7910557065626904,0.821374646311388,0.2,0.18508735346137783,0.21579599698789315,1.0,0.9985277492512151,1.0,4500,0.99,0,6191136198138646566,5.989671154005919,ok,
crossinh_contrarians,100,0,0,0,0,0.0,35,40,1.05,0.95,0.8064444444444444,0.7908272067024983,0.8211593560608018,0.19355555555555556,0.17884064393919816,0.20917279329750157,1.0,0.9985277492512151,1.0,0.8073333333333333,0.7917412522025684,0.8220204710038452,0.20022222222222222,0.1853028692768212,0.21602427128322804,1.0,0.9985277492512151,1.0,4500,0.99,0,16294506107895041339,6.096836696000537,ok,
voter_zealots,100,5,5,0,10,0.1,35,40,1.05,0.95,0.32555555555555554,0.3078310916833775,0.343793671355643,0.0,0.0,0.0014722507487849438,0.32555555555555554,0.3078310916833775,0.343793671355643,1.0,0.9985277492512151,1.0,0.7533333333333333,0.7364159981642909,0.7695047281229913,1.0,0.9985277492512151,1.0,4500,0.99,0,11546718024902017248,39.772686181997415,ok,
voter_contrarians,100,0,0,10,10,0.1,35,40,1.05,0.95,0.009777777777777778,0.006655619096369406,0.014343396526661521,0.0,0.0,0.0014722507487849438,0.009777777777777778,0.006655619096369406,0.014343396526661521,0.9997777777777778,0.998110049781248,0.9999739093591887,0.9315555555555556,0.9212107126822536,0.9406296824492396,1.0,0.9985277492512151,1.0,4500,0.99,0,6985216389350072183,58.561143323997385,ok,
crossinh_zealots,100,5,5,0,10,0.1,35,40,1.05,0.95,0.8355555555555556,0.8208300563522083,0.8492930109230518,0.16422222222222221,0.15049280137467777,0.178940341239284,0.9997777777777778,0.998110049781248,0.9999739093591887,0.8375555555555556,0.8228968135759344,0.8512203646963304,0.17733333333333334,0.1631452704627598,0.19247148868712274,0.9997777777777778,0.998110049781248,0.9999739093591887,4500,0.99,0,13893306619609559524,16.320198014000198,ok,
crossinh_contrarians,100,0,0,10,10,0.1,35,40,1.05,0.95,0.8262222222222222,0.8111949467456411,0.8402889358769293,0.16977777777777778,0.15585024105444248,0.18467765432897723,0.996,0.9927402000019526,0.9977993272552527,0.8322222222222222,0.8173871243238573,0.8460790912897278,0.21333333333333335,0.19803104980260988,0.22947970729336015,1.0,0.9985277492512151,1.0,4500,0.99,0,12050068464652946566,32.25869849200535,ok,
voter_zealots,100,10,10,0,20,0.2,35,40,1.05,0.95,0.018,0.013559181027733517,0.023860068694095165,0.0,0.0,0.0014722507487849438,0.018,0.013559181027733517,0.023860068694095165,1.0,0.9985277492512151,1.0,0.886,0.8732240838092986,0.8976393386126393,1.0,0.9985277492512151,1.0,4500,0.99,0,13366413202141889070,41.071182814004715,ok,
voter_contrarians,100,0,0,20,20,0.2,35,40,1.05,0.95,0.0,0.0,0.0014722507487849438,0.0,0.0,0.0014722507487849438,0.0,0.0,0.0014722507487849438,1.0,0.9985277492512151,1.0,0.9953333333333333,0.9918892573244192,0.9973188996004511,1.0,0.9985277492512151,1.0,4500,0.99,0,6530226739632877157,61.69581741800357,ok,
crossinh_zealots,100,10,10,0,20,0.2,35,40,1.05,0.95,0.8648888888888889,0.8512242260822636,0.8774791358157343,0.1308888888888889,0.11847954804217337,0.14438507795504074,0.9957777777777778,0.9924550532645721,0.9976406838818549,0.8682222222222222,0.8546902021053292,0.8806700114543434,0.168,0.15413524296028389,0.18284233153690935,0.9997777777777778,0.998110049781248,0.9999739093591887,4500,0.99,0,13284943461180019554,25.965272548004577,ok,
crossinh_contrarians,100,0,0,20,20,0.2,35,40,1.05,0.95,0.2673333333333333,0.25069113301486434,0.2846606210002368,0.0013333333333333333,0.00048655356540059443,0.003648437848054256,0.26866666666666666,0.25199575063951957,0.28601874404025157,0.8953333333333333,0.8829909605780322,0.9065116464965952,0.3031111111111111,0.2857636748359539,0.3210382870144566,0.9993333333333333,0.9973647865727697,0.9998315923461103,4500,0.99,0,12804304491764460156,56.05942662600137,ok,
voter_zealots,100,13,13,0,26,0.26,35,40,1.05,0.95,0.0011111111111111111,0.0003713240638206173,0.0033198772388559157,0.0,0.0,0.0014722507487849438,0.0011111111111111111,0.0003713240638206173,0.0033198772388559157,1.0,0.9985277492512151,1.0,0.9377777777777778,0.9278422879998593,0.9464242302334269,1.0,0.9985277492512151,1.0,4500,0.99,0,5036975944187364895,38.007692180006416,ok,
voter_contrarians,100,0,0,26,26,0.26,35,40,1.05,0.95,0.0,0.0,0.0014722507487849438,0.0,0.0,0.0014722507487849438,0.0,0.0,0.0014722507487849438,1.0,0.9985277492512151,1.0,0.9995555555555555,0.9977269420250728,0.9999132270045857,1.0,0.9985277492512151,1.0,4500,0.99,0,17768053715446475197,61.58219236700097,ok,
crossinh_zealots,100,13,13,0,26,0.26,35,40,1.05,0.95,0.8897777777777778,0.8771740572334156,0.9012337970717538,0.060222222222222226,0.05171862069883074,0.07002075007087832,0.95,0.9409487546112001,0.9577262197148935,0.9028888888888889,0.890918583912737,0.9136728869283531,0.17022222222222222,0.15627908008812275,0.18513639551685362,0.9993333333333333,0.9973647865727697,0.9998315923461103,4500,0.99,0,8442689992614959507,30.93363116299588,ok,
crossinh_contrarians,100,0,0,26,26,0.26,35,40,1.05,0.95,0.00044444444444444447,8.677299541430235e-05,0.002273057974927277,0.0,0.0,0.0014722507487849438,0.00044444444444444447,8.677299541430235e-05,0.002273057974927277,0.9188888888888889,0.9077788353848968,0.9287655234322323,0.43622222222222223,0.41728764125025175,0.4553445969563711,0.9973333333333333,0.9944912409354412,0.9987110269864341,4500,0.99,0,1917721576037444635,62.697478383997804,ok,
voter_zealots,100,20,20,0,40,0.4,35,40,1.05,0.95,0.0,0.0,0.0014722507487849438,0.0,0.0,0.0014722507487849438,0.0,0.0,0.0014722507487849438,1.0,0.9985277492512151,1.0,0.9693333333333334,0.9619908984017538,0.9752938155620536,1.0,0.9985277492512151,1.0,4500,0.99,0,9268659303992538817,31.975268109999888,ok,
voter_contrarians,100,0,0,40,40,0.4,35,40,1.05,0.95,0.0,0.0,0.0014722507487849438,0.0,0.0,0.0014722507487849438,0.0,0.0,0.0014722507487849438,1.0,0.9985277492512151,1.0,1.0,0.9985277492512151,1.0,1.0,0.9985277492512151,1.0,4500,0.99,0,13340565481792715116,59.70989421700506,ok,
crossinh_zealots,100,20,20,0,40,0.4,35,40,1.05,0.95,0.18911111111111112,0.17453630779394727,0.20460132722718613,0.0,0.0,0.0014722507487849438,0.18911111111111112,0.17453630779394727,0.20460132722718613,0.9633333333333334,0.9554076770447686,0.9698947039280241,0.21666666666666667,0.2012709086091345,0.23289670014851033,0.9993333333333333,0.9973647865727697,0.9998315923461103,4500,0.99,0,2457068201349750359,36.19914354300272,ok,
crossinh_contrarians,100,0,0,40,40,0.4,35,40,1.05,0.95,0.0,0.0,0.0014722507487849438,0.0,0.0,0.0014722507487849438,0.0,0.0,0.0014722507487849438,0.9711111111111111,0.963953457765475,0.9768815770845588,0.8388888888888889,0.8242750743877394,0.8525048445491954,0.9995555555555555,0.9977269420250728,0.9999132270045857,4500,0.99,0,18343746656317023869,64.85801084400009,ok,
voter_zealots,100,25,25,0,50,0.5,35,40,1.05,0.95,0.0,0.0,0.0014722507487849438,0.0,0.0,0.0014722507487849438,0.0,0.0,0.0014722507487849438,1.0,0.9985277492512151,1.0,0.9793333333333333,0.973123480433946,0.9841317885148854,1.0,0.9985277492512151,1.0,4500,0.99,0,17642188812177707251,27.070423183999083,ok,
voter_contrarians,100,0,0,50,50,0.5,35,40,1.05,0.95,0.0,0.0,0.0014722507487849438,0.0,0.0,0.0014722507487849438,0.0,0.0,0.0014722507487849438,1.0,0.9985277492512151,1.0,1.0,0.9985277492512151,1.0,1.0,0.9985277492512151,1.0,4500,0.99,0,7415698013798443046,57.045707343000686,ok,
crossinh_zealots,100,25,25,0,50,0.5,35,40,1.05,0.95,0.00044444444444444447,8.677299541430235e-05,0.002273057974927277,0.0,0.0,0.0014722507487849438,0.00044444444444444447,8.677299541430235e-05,0.002273057974927277,0.9708888888888889,0.9637078026507853,0.9766834420884702,0.29555555555555557,0.27834607108839055,0.31336702699555713,0.9975555555555555,0.9947916174032486,0.998854440629405,4500,0.99,0,3346089296723368380,34.20405128200218,ok,
crossinh_contrarians,100,0,0,50,50,0.5,35,40,1.05,0.95,0.0,0.0,0.0014722507487849438,0.0,0.0,0.0014722507487849438,0.0,0.0,0.0014722507487849438,0.9902222222222222,0.9856566034733385,0.9933443809036306,0.9828888888888889,0.9771514046398234,0.9872045060814613,1.0,0.9985277492512151,1.0,4500,0.99,0,14409403991603990207,62.65301144000114,ok,
voter_zealots,100,30,30,0,60,0.6,35,40,1.05,0.95,0.0,0.0,0.0014722507487849438,0.0,0.0,0.0014722507487849438,0.0,0.0,0.0014722507487849438,1.0,0.9985277492512151,1.0,0.9755555555555555,0.9688889431724753,0.9808218938931247,1.0,0.9985277492512151,1.0,4500,0.99,0,13240268202935523667,21.737272803999076,ok,
voter_contrarians,100,0,0,60,60,0.6,35,40,1.05,0.95,0.0,0.0,0.0014722507487849438,0.0,0.0,0.0014722507487849438,0.0,0.0,0.0014722507487849438,1.0,0.9985277492512151,1.0,1.0,0.9985277492512151,1.0,1.0,0.9985277492512151,1.0,4500,0.99,0,3919701891799834160,54.12373953500355,ok,
crossinh_zealots,100,30,30,0,60,0.6,35,40,1.05,0.95,0.0,0.0,0.0014722507487849438,0.0,0.0,0.0014722507487849438,0.0,0.0,0.0014722507487849438,0.9748888888888889,0.968145701887917,0.9802337648453482,0.402,0.38333088088356515,0.4209576802631967,0.9966666666666667,0.9936061090319881,0.9982647885575522,4500,0.99,0,275151354574121463,29.50320484799886,ok,
crossinh_contrarians,100,0,0,60,60,0.6,35,40,1.05,0.95,0.0,0.0,0.0014722507487849438,0.0,0.0,0.0014722507487849438,0.0,0.0,0.0014722507487849438,0.9993333333333333,0.9973647865727697,0.9998315923461103,0.9995555555555555,0.9977269420250728,0.9999132270045857,1.0,0.9985277492512151,1.0,4500,0.99,0,9675818863001528272,60.33335108200117,ok,
voter_zealots,200,0,0,0,0,0.0,35,40,1.05,0.95,0.9933333333333333,0.989401231583012,0.9958128143448536,0.0,0.0,0.0014722507487849438,0.9933333333333333,0.989401231583012,0.9958128143448536,0.9997777777777778,0.998110049781248,0.9999739093591887,0.368,0.34968898768151185,0.3866996865161673,1.0,0.9985277492512151,1.0,4500,0.99,0,7550693070341767882,27.189703841002483,ok,
voter_contrarians,200,0,0,0,0,0.0,35,40,1.05,0.95,0.9951111111111111,0.9916084102882317,0.9971559565258603,0.00022222222222222223,2.6090640811303424e-05,0.001889950218751958,0.9953333333333333,0.9918892573244192,0.9973188996004511,0.9995555555555555,0.9977269420250728,0.9999132270045857,0.358,0.3398128662768167,0.37660525293583813,1.0,0.9985277492512151,1.0,4500,0.99,0,6656310788224792388,28.49445960199955,ok,
crossinh_zealots,200,0,0,0,0,0.0,35,40,1.05,0.95,0.8817777777777778,0.8688144238813633,0.8936169864357866,0.11822222222222223,0.10638301356421342,0.13118557611863663,1.0,0.9985277492512151,1.0,0.8817777777777778,0.8688144238813633,0.8936169864357866,0.11822222222222223,0.10638301356421342,0.13118557611863663,1.0,0.9985277492512151,1.0,4500,0.99,0,8371223841140914316,12.394911541996407,ok,
crossinh_contrarians,200,0,0,0,0,0.0,35,40,1.05,0.95,0.8835555555555555,0.8706704925161026,0.8953112386872739,0.11644444444444445,0.10468876131272604,0.12932950748389743,1.0,0.9985277492512151,1.0,0.8835555555555555,0.8706704925161026,0.8953112386872739,0.11666666666666667,0.10490049320467652,0.12956156570272526,1.0,0.9985277492512151,1.0,4500,0.99,0,5866050811652184977,13.037575272996037,ok,
voter_zealots,200,10,10,0,20,0.1,35,40,1.05,0.95,0.5811111111111111,0.5620604778367528,0.5999229125973331,0.0,0.0,0.0014722507487849438,0.5811111111111111,0.5620604778367528,0.5999229125973331,1.0,0.9985277492512151,1.0,0.454,0.4349640068518474,0.4731714402170409,1.0,0.9985277492512151,1.0,4500,0.99,0,16259776394483728731,81.61698903499928,ok,
voter_contrarians,200,0,0,20,20,0.1,35,40,1.05,0.95,0.02022222222222222,0.015481644447292369,0.026375506382319492,0.0,0.0,0.0014722507487849438,0.02022222222222222,0.015481644447292369,0.026375506382319492,1.0,0.9985277492512151,1.0,0.7353333333333333,0.7180562149799303,0.751917512334308,1.0,0.9985277492512151,1.0,4500,0.99,0,10010229723298649883,121.67382999199617,ok,
crossinh_zealots,200,10,10,0,20,0.1,35,40,1.05,0.95,0.9053333333333333,0.8934877944217983,0.9159853676378533,0.09466666666666666,0.08401463236214668,0.10651220557820165,1.0,0.9985277492512151,1.0,0.9053333333333333,0.8934877944217983,0.9159853676378533,0.09555555555555556,0.08485527567841741,0.10744672270504421,1.0,0.9985277492512151,1.0,4500,0.99,0,2126513299139919451,33.978907561002416,ok,
crossinh_contrarians,200,0,0,20,20,0.1,35,40,1.05,0.95,0.8964444444444445,0.8841555510819982,0.9075660065465209,0.10022222222222223,0.08927343662398605,0.11234815408582023,0.9966666666666667,0.9936061090319881,0.9982647885575522,0.8966666666666666,0.8843885189778781,0.9077768287614191,0.10444444444444445,0.09327744845253541,0.11677615436205893,0.9984444444444445,0.9960298000700901,0.9993914184056768,4500,0.99,0,3417549196837264201,66.46640101500088,ok,
voter_zealots,200,20,20,0,40,0.2,35,40,1.05,0.95,0.032,0.025900848753764957,0.03947717794709775,0.0,0.0,0.0014722507487849438,0.032,0.025900848753764957,0.03947717794709775,1.0,0.9985277492512151,1.0,0.6151111111111112,0.5962712544003386,0.6336120229828301,1.0,0.9985277492512151,1.0,4500,0.99,0,8776380597688022547,81.85541468599695,ok,
voter_contrarians,200,0,0,40,40,0.2,35,40,1.05,0.95,0.0,0.0,0.0014722507487849438,0.0,0.0,0.0014722507487849438,0.0,0.0,0.0014722507487849438,1.0,0.9985277492512151,1.0,0.9602222222222222,0.9520152205870911,0.967074098834805,1.0,0.9985277492512151,1.0,4500,0.99,0,8362115542449808814,125.03395946099772,ok,
crossinh_zealots,200,20,20,0,40,0.2,35,40,1.05,0.95,0.938,0.9280795926964025,0.9466307156476619,0.05622222222222222,0.04801293459599776,0.06573821417970159,0.9942222222222222,0.9904968341160709,0.9964923722549079,0.9382222222222222,0.928316930875583,0.9468371675792597,0.06333333333333334,0.05460869330655613,0.07334373901404942,0.9977777777777778,0.9950951875482201,0.9989946605952118,4500,0.99,0,16954864364531749229,52.87541118700028,ok,
crossinh_contrarians,200,0,0,40,40,0.2,35,40,1.05,0.95,0.6211111111111111,0.6023183040757784,0.6395473062984048,0.0,0.0,0.0014722507487849438,0.6211111111111111,0.6023183040757784,0.6395473062984048,0.9335555555555556,0.9233396476205202,0.9424948585079778,0.088,0.07771965406395553,0.09949348055304327,0.9842222222222222,0.9786750142578157,0.9883436371281388,4500,0.99,0,11730706727590990187,110.6852914619958,ok,
voter_zealots,200,25,25,0,50,0.25,35,40,1.05,0.95,0.0026666666666666666,0.001288973013565944,0.005508759064558813,0.0,0.0,0.0014722507487849438,0.0026666666666666666,0.001288973013565944,0.005508759064558813,1.0,0.9985277492512151,1.0,0.672,0.6537308980652792,0.6897626476771388,1.0,0.9985277492512151,1.0,4500,0.99,0,13421116099618925264,79.54815432900068,ok,
voter_contrarians,200,0,0,50,50,0.25,35,40,1.05,0.95,0.0,0.0,0.0014722507487849438,0.0,0.0,0.0014722507487849438,0.0,0.0,0.0014722507487849438,1.0,0.9985277492512151,1.0,0.984,0.9784205146854559,0.9881543465897202,1.0,0.9985277492512151,1.0,4500,0.99,0,16579357853059727564,124.79614731300535,ok,
crossinh_zealots,200,25,25,0,50,0.25,35,40,1.05,0.95,0.9555555555555556,0.9469491818029769,0.9628205452925747,0.03,0.024110065839863703,0.037273849863994145,0.9855555555555555,0.9802071558028992,0.9894742362477252,0.9566666666666667,0.9481531018409914,0.9638355758084516,0.050888888888888886,0.043091621632750585,0.060008564484269125,0.9977777777777778,0.9950951875482201,0.9989946605952118,4500,0.99,0,11180390073391195966,59.96953368600225,ok,
crossinh_contrarians,200,0,0,50,50,0.25,35,40,1.05,0.95,0.007555555555555556,0.004879784658944578,0.011681329856303171,0.0,0.0,0.0014722507487849438,0.007555555555555556,0.004879784658944578,0.011681329856303171,0.9131111111111111,0.9016780697612724,0.9233277461756203,0.09955555555555555,0.08864178961125521,0.11164843076621611,0.9582222222222222,0.9498409296335888,0.9652542787913025,4500,0.99,0,7311411598702072631,124.52703386299982,ok,
voter_zealots,200,40,40,0,80,0.4,35,40,1.05,0.95,0.0,0.0,0.0014722507487849438,0.0,0.0,0.0014722507487849438,0.0,0.0,0.0014722507487849438,1.0,0.9985277492512151,1.0,0.7782222222222223,0.7618668555057939,0.79375836318866,1.0,0.9985277492512151,1.0,4500,0.99,0,13919794172607705970,64.37735444300051,ok,
voter_contrarians,200,0,0,80,80,0.4,35,40,1.05,0.95,0.0,0.0,0.0014722507487849438,0.0,0.0,0.0014722507487849438,0.0,0.0,0.0014722507487849438,1.0,0.9985277492512151,1.0,0.9997777777777778,0.998110049781248,0.9999739093591887,1.0,0.9985277492512151,1.0,4500,0.99,0,5371276322773082015,120.24733902599837,ok,
crossinh_zealots,200,40,40,0,80,0.4,35,40,1.05,0.95,0.414,0.3952271439513902,0.4330260831774008,0.0,0.0,0.0014722507487849438,0.414,0.3952271439513902,0.4330260831774008,0.9793333333333333,0.973123480433946,0.9841317885148854,0.03266666666666666,0.02649934607092113,0.040210050962276526,0.9895555555555555,0.9848679799478182,0.992801634096816,4500,0.99,0,6416735409831040977,72.90214179699979,ok,
crossinh_contrarians,200,0,0,80,80,0.4,35,40,1.05,0.95,0.0,0.0,0.0014722507487849438,0.0,0.0,0.0014722507487849438,0.0,0.0,0.0014722507487849438,0.8153333333333334,0.7999732855915751,0.829764881602858,0.39066666666666666,0.37210626423574594,0.4095490012613217,0.9342222222222222,0.9240498350805791,0.9431160413802538,4500,0.99,0,1048007860645369336,130.29683966599987,ok,
voter_zealots,200,50,50,0,100,0.5,35,40,1.05,0.95,0.0,0.0,0.0014722507487849438,0.0,0.0,0.0014722507487849438,0.0,0.0,0.0014722507487849438,0.9995555555555555,0.9977269420250728,0.9999132270045857,0.7713333333333333,0.7548145404800627,0.7870531847802634,1.0,0.9985277492512151,1.0,4500,0.99,0,10966818886976968615,54.858963326994854,ok,
voter_contrarians,200,0,0,100,100,0.5,35,40,1.05,0.95,0.0,0.0,0.0014722507487849438,0.0,0.0,0.0014722507487849438,0.0,0.0,0.0014722507487849438,1.0,0.9985277492512151,1.0,0.9997777777777778,0.998110049781248,0.9999739093591887,1.0,0.9985277492512151,1.0,4500,0.99,0,1829112255933608916,115.29134348299704,ok,
crossinh_zealots,200,50,50,0,100,0.5,35,40,1.05,0.95,0.00022222222222222223,2.6090640811303424e-05,0.001889950218751958,0.0,0.0,0.0014722507487849438,0.00022222222222222223,2.6090640811303424e-05,0.001889950218751958,0.9622222222222222,0.954194585612831,0.9688888448060701,0.042666666666666665,0.03555606781834166,0.051123884199880294,0.9713333333333334,0.9641992118106577,0.9770796131501545,4500,0.99,0,3818719528441837319,69.70298095500038,ok,
crossinh_contrarians,200,0,0,100,100,0.5,35,40,1.05,0.95,0.0,0.0,0.0014722507487849438,0.0,0.0,0.0014722507487849438,0.0,0.0,0.0014722507487849438,0.886,0.8732240838092986,0.8976393386126393,0.7608888888888888,0.7441339552683082,0.7768756347854369,0.9902222222222222,0.9856566034733385,0.9933443809036306,4500,0.99,0,8981368253510474886,127.4310572500035,ok,
voter_zealots,200,60,60,0,120,0.6,35,40,1.05,0.95,0.0,0.0,0.0014722507487849438,0.0,0.0,0.0014722507487849438,0.0,0.0,0.0014722507487849438,0.9991111111111111,0.9970170815195558,0.9997355072885459,0.6877777777777778,0.6697185541153663,0.7052840894923122,1.0,0.9985277492512151,1.0,4500,0.99,0,12305889412808962876,44.22697427499952,ok,
voter_contrarians,200,0,0,120,120,0.6,35,40,1.05,0.95,0.0,0.0,0.0014722507487849438,0.0,0.0,0.0014722507487849438,0.0,0.0,0.0014722507487849438,0.9995555555555555,0.9977269420250728,0.9999132270045857,1.0,0.9985277492512151,1.0,1.0,0.9985277492512151,1.0,4500,0.99,0,5366652487620426977,108.80688110899791,ok,
crossinh_zealots,200,60,60,0,120,0.6,35,40,1.05,0.95,0.0,0.0,0.0014722507487849438,0.0,0.0,0.0014722507487849438,0.0,0.0,0.0014722507487849438,0.9182222222222223,0.9070741305886634,0.9281388578961309,0.06911111111111111,0.05999257315854762,0.07949840204229415,0.9366666666666666,0.9266562609859506,0.9453913066934438,4500,0.99,0,16135824866595397267,59.21756287899916,ok,
crossinh_contrarians,200,0,0,120,120,0.6,35,40,1.05,0.95,0.0,0.0,0.0014722507487849438,0.0,0.0,0.0014722507487849438,0.0,0.0,0.0014722507487849438,0.9748888888888889,0.968145701887917,0.9802337648453482,0.9888888888888889,0.9840832135259392,0.99225503018636,1.0,0.9985277492512151,1.0,4500,0.99,0,13534385777325944739,120.83968675300275,ok,
voter_zealots,500,0,0,0,0,0.0,35,40,1.05,0.95,1.0,0.9985277492512151,1.0,0.0,0.0,0.0014722507487849438,1.0,0.9985277492512151,1.0,1.0,0.9985277492512151,1.0,0.08422222222222223,0.07416065969972277,0.09550804303404464,1.0,0.9985277492512151,1.0,4500,0.99,0,8610693163173515535,69.36020297600044,ok,
voter_contrarians,500,0,0,0,0,0.0,35,40,1.05,0.95,1.0,0.9985277492512151,1.0,0.0,0.0,0.0014722507487849438,1.0,0.9985277492512151,1.0,1.0,0.9985277492512151,1.0,0.08066666666666666,0.07081681503073686,0.09175124593057746,1.0,0.9985277492512151,1.0,4500,0.99,0,8830362299113106288,73.40229169499798,ok,
crossinh_zealots,500,0,0,0,0,0.0,35,40,1.05,0.95,0.9744444444444444,0.9676508154686589,0.9798410710430496,0.025555555555555557,0.020158928956950387,0.03234918453134111,1.0,0.9985277492512151,1.0,0.9744444444444444,0.9676508154686589,0.9798410710430496,0.025555555555555557,0.020158928956950387,0.03234918453134111,1.0,0.9985277492512151,1.0,4500,0.99,0,313234525985145348,30.646459229006723,ok,
crossinh_contrarians,500,0,0,0,0,0.0,35,40,1.05,0.95,0.9675555555555555,0.9600341560130172,0.9737002370645633,0.03244444444444444,0.026299762935436663,0.03996584398698268,1.0,0.9985277492512151,1.0,0.9675555555555555,0.9600341560130172,0.9737002370645633,0.03244444444444444,0.026299762935436663,0.03996584398698268,1.0,0.9985277492512151,1.0,4500,0.99,0,11539040300836174059,32.43146184299985,ok,
voter_zealots,500,25,25,0,50,0.1,35,40,1.05,0.95,0.9197777777777778,0.9087187659524372,0.9296007533078052,0.0,0.0,0.0014722507487849438,0.9197777777777778,0.9087187659524372,0.9296007533078052,1.0,0.9985277492512151,1.0,0.08733333333333333,0.07709115122839671,0.09879061305626713,1.0,0.9985277492512151,1.0,4500,0.99,0,4888364678323053224,209.62801789600053,ok,
voter_contrarians,500,0,0,50,50,0.1,35,40,1.05,0.95,0.08466666666666667,0.07457904258379949,0.09597724037152455,0.0,0.0,0.0014722507487849438,0.08466666666666667,0.07457904258379949,0.09597724037152455,1.0,0.9985277492512151,1.0,0.18555555555555556,0.17109510041419707,0.20094189283448322,1.0,0.9985277492512151,1.0,4500,0.99,0,17124739079760216023,310.0298613080013,ok,
crossinh_zealots,500,25,25,0,50,0.1,35,40,1.05,0.95,0.9788888888888889,0.9726231082915011,0.9837445804357738,0.021111111111111112,0.016255419564226176,0.027376891708498965,1.0,0.9985277492512151,1.0,0.9788888888888889,0.9726231082915011,0.9837445804357738,0.021111111111111112,0.016255419564226176,0.027376891708498965,1.0,0.9985277492512151,1.0,4500,0.99,0,7156565287082435431,86.27325679999922,ok,
crossinh_contrarians,500,0,0,50,50,0.1,35,40,1.05,0.95,0.9777777777777777,0.9713748577316524,0.9827738804417309,0.021111111111111112,0.016255419564226176,0.027376891708498965,0.9988888888888889,0.9966801227611441,0.9996286759361794,0.9777777777777777,0.9713748577316524,0.9827738804417309,0.021333333333333333,0.01644925790124488,0.02762684348225857,0.9991111111111111,0.9970170815195558,0.9997355072885459,4500,0.99,0,17089946202669293132,169.00295878299949,ok,
voter_zealots,500,50,50,0,100,0.2,35,40,1.05,0.95,0.12466666666666666,0.11253207093673885,0.13790643195868238,0.0,0.0,0.0014722507487849438,0.12466666666666666,0.11253207093673885,0.13790643195868238,1.0,0.9985277492512151,1.0,0.09333333333333334,0.08275423176483748,0.10510986551084095,1.0,0.9985277492512151,1.0,4500,0.99,0,3999874435094017261,208.87483933799376,ok,
voter_contrarians,500,0,0,100,100,0.2,35,40,1.05,0.95,0.0,0.0,0.0014722507487849438,0.0,0.0,0.0014722507487849438,0.0,0.0,0.0014722507487849438,1.0,0.9985277492512151,1.0,0.5026666666666667,0.4834780531959863,0.5218474281333537,1.0,0.9985277492512151,1.0,4500,0.99,0,7193694577314761661,317.5315726639965,ok,
crossinh_zealots,500,50,50,0,100,0.2,35,40,1.05,0.95,0.9924444444444445,0.9883186701436968,0.9951202153410554,0.0071111111111111115,0.004532002902641892,0.011141531391049224,0.9995555555555555,0.9977269420250728,0.9999132270045857,0.9924444444444445,0.9883186701436968,0.9951202153410554,0.0071111111111111115,0.004532002902641892,0.011141531391049224,0.9995555555555555,0.9977269420250728,0.9999132270045857,4500,0.99,0,2073277165857390875,131.47527098900173,ok,
crossinh_contrarians,500,0,0,100,100,0.2,35,40,1.05,0.95,0.9597777777777777,0.9515316190284862,0.9666701201718533,0.0,0.0,0.0014722507487849438,0.9597777777777777,0.9515316190284862,0.9666701201718533,0.9853333333333333,0.9799511602397324,0.9892864417001137,0.003111111111111111,0.0015840628103032449,0.006101249489378149,0.988,0.9830422979166147,0.9915207853525712,4500,0.99,0,14704583566745843915,277.8342720740038,ok,
voter_zealots,500,63,63,0,126,0.252,35,40,1.05,0.95,0.007555555555555556,0.004879784658944578,0.011681329856303171,0.0,0.0,0.0014722507487849438,0.007555555555555556,0.004879784658944578,0.011681329856303171,1.0,0.9985277492512151,1.0,0.11422222222222222,0.10257223413401668,0.12700813355482363,1.0,0.9985277492512151,1.0,4500,0.99,0,5520409248539831399,198.2099839049988,ok,
voter_contrarians,500,0,0,126,126,0.252,35,40,1.05,0.95,0.0,0.0,0.0014722507487849438,0.0,0.0,0.0014722507487849438,0.0,0.0,0.0014722507487849438,0.9997777777777778,0.998110049781248,0.9999739093591887,0.6535555555555556,0.6350702625602862,0.6715887039875315,1.0,0.9985277492512151,1.0,4500,0.99,0,10617355313107442963,314.0982242800019,ok,
crossinh_zealots,500,63,63,0,126,0.252,35,40,1.05,0.95,0.9964444444444445,0.9933155840994258,0.9981115233793362,0.0017777777777777779,0.0007362602769997589,0.004286311358011728,0.9982222222222222,0.9957136886419883,0.9992637397230003,0.9964444444444445,0.9933155840994258,0.9981115233793362,0.0028888888888888888,0.001435236255214229,0.005806285933688846,0.9991111111111111,0.9970170815195558,0.9997355072885459,4500,0.99,0,7782670241889226739,150.69093137899472,ok,
crossinh_contrarians,500,0,0,126,126,0.252,35,40,1.05,0.95,0.018,0.013559181027733517,0.023860068694095165,0.0,0.0,0.0014722507487849438,0.018,0.013559181027733517,0.023860068694095165,0.9215555555555556,0.9105997596946634,0.9312700804518054,0.0013333333333333333,0.00048655356540059443,0.003648437848054256,0.9226666666666666,0.9117761644564987,0.9323126262438618,4500,0.99,0,12787295127377927218,310.8240562810024,ok,
voter_zealots,500,100,100,0,200,0.4,35,40,1.05,0.95,0.0,0.0,0.0014722507487849438,0.0,0.0,0.0014722507487849438,0.0,0.0,0.0014722507487849438,0.9995555555555555,0.9977269420250728,0.9999132270045857,0.10511111111111111,0.09391021284262573,0.11747476030430355,0.9997777777777778,0.998110049781248,0.9999739093591887,4500,0.99,0,17305203653881424654,163.28347120700346,ok,
voter_contrarians,500,0,0,200,200,0.4,35,40,1.05,0.95,0.0,0.0,0.0014722507487849438,0.0,0.0,0.0014722507487849438,0.0,0.0,0.0014722507487849438,0.9917777777777778,0.9875140052325225,0.9945935099198947,0.904,0.892086130200519,0.9147242911944629,1.0,0.9985277492512151,1.0,4500,0.99,0,8353230025210027557,298.9844470950047,ok,
crossinh_zealots,500,100,100,0,200,0.4,35,40,1.05,0.95,0.8377777777777777,0.8231265001008709,0.8514344682821721,0.0,0.0,0.0014722507487849438,0.8377777777777777,0.8231265001008709,0.8514344682821721,0.9975555555555555,0.9947916174032486,0.998854440629405,0.00022222222222222223,2.6090640811303424e-05,0.001889950218751958,0.9975555555555555,0.9947916174032486,0.998854440629405,4500,0.99,0,2535544448739809686,183.24104922200058,ok,
crossinh_contrarians,500,0,0,200,200,0.4,35,40,1.05,0.95,0.0,0.0,0.0014722507487849438,0.0,0.0,0.0014722507487849438,0.0,0.0,0.0014722507487849438,0.23444444444444446,0.21857524949198642,0.25109556812792383,0.009111111111111111,0.006117112120000223,0.013550533170695753,0.242,0.22594183390080697,0.258817847485566,4500,0.99,0,119171461751201340,323.5798945459974,ok,
voter_zealots,500,125,125,0,250,0.5,35,40,1.05,0.95,0.0,0.0,0.0014722507487849438,0.0,0.0,0.0014722507487849438,0.0,0.0,0.0014722507487849438,0.9975555555555555,0.9947916174032486,0.998854440629405,0.07866666666666666,0.06893850169651825,0.08963544826779121,0.998,0.995402371035322,0.9991312672188882,4500,0.99,0,10485340708634208729,136.72214945199812,ok,
voter_contrarians,500,0,0,250,250,0.5,35,40,1.05,0.95,0.0,0.0,0.0014722507487849438,0.0,0.0,0.0014722507487849438,0.0,0.0,0.0014722507487849438,0.9635555555555556,0.9556505038611999,0.9700956672223712,0.9686666666666667,0.9612564639850388,0.9746968796464334,0.9993333333333333,0.9973647865727697,0.9998315923461103,4500,0.99,0,10466209813884209233,286.93144769399805,ok,
crossinh_zealots,500,125,125,0,250,0.5,35,40,1.05,0.95,0.00022222222222222223,2.6090640811303424e-05,0.001889950218751958,0.0,0.0,0.0014722507487849438,0.00022222222222222223,2.6090640811303424e-05,0.001889950218751958,0.9371111111111111,0.9271305731500761,0.945804574750875,0.00044444444444444447,8.677299541430235e-05,0.002273057974927277,0.9373333333333334,0.9273677783908449,0.9460111596208844,4500,0.99,0,7241672141220528334,173.65174225899682,ok,
crossinh_contrarians,500,0,0,250,250,0.5,35,40,1.05,0.95,0.0,0.0,0.0014722507487849438,0.0,0.0,0.0014722507487849438,0.0,0.0,0.0014722507487849438,0.18666666666666668,0.17217025874491249,0.2020856850576594,0.07933333333333334,0.06956439243607343,0.09034092786057099,0.2568888888888889,0.24047849583043324,0.27401512297808706,4500,0.99,0,3336116091153704273,313.82867810699827,ok,
voter_zealots,500,150,150,0,300,0.6,35,40,1.05,0.95,0.0,0.0,0.0014722507487849438,0.0,0.0,0.0014722507487849438,0.0,0.0,0.0014722507487849438,0.9146666666666666,0.9033191270587637,0.9247932196535773,0.030222222222222223,0.024308679638315456,0.03751902617632071,0.9184444444444444,0.9073090092043865,0.9283477693911859,4500,0.99,0,8155305618344917369,109.79249148900271,ok,
voter_contrarians,500,0,0,300,300,0.6,35,40,1.05,0.95,0.0,0.0,0.0014722507487849438,0.0,0.0,0.0014722507487849438,0.0,0.0,0.0014722507487849438,0.9046666666666666,0.892786878622655,0.9153549131046615,0.9906666666666667,0.9861846816869149,0.9937038829116109,0.9991111111111111,0.9970170815195558,0.9997355072885459,4500,0.99,0,13864662538717998642,271.37585711700376,ok,
crossinh_zealots,500,150,150,0,300,0.6,35,40,1.05,0.95,0.0,0.0,0.0014722507487849438,0.0,0.0,0.0014722507487849438,0.0,0.0,0.0014722507487849438,0.7106666666666667,0.6929547959202335,0.7277582290976118,0.0006666666666666666,0.00016840765388963707,0.0026352134272302602,0.7111111111111111,0.6934065059338074,0.7281940993055945,4500,0.99,0,16889927011969960873,146.18481180199888,ok,
crossinh_contrarians,500,0,0,300,300,0.6,35,40,1.05,0.95,0.0,0.0,0.0014722507487849438,0.0,0.0,0.0014722507487849438,0.0,0.0,0.0014722507487849438,0.38666666666666666,0.36814715546847326,0.40551988803458466,0.484,0.4648484068368047,0.5031987051871564,0.7133333333333334,0.6956653612143919,0.7303731451327933,4500,0.99,0,10508493177730429693,301.5418481540037,ok,
voter_zealots,1000,0,0,0,0,0.0,35,40,1.05,0.95,1.0,0.9985277492512151,1.0,0.0,0.0,0.0014722507487849438,1.0,0.9985277492512151,1.0,1.0,0.9985277492512151,1.0,0.004888888888888889,0.0028440434741396022,0.008391589711768333,1.0,0.9985277492512151,1.0,4500,0.99,0,727500030692796521,138.39727000999846,ok,
voter_contrarians,1000,0,0,0,0,0.0,35,40,1.05,0.95,1.0,0.9985277492512151,1.0,0.0,0.0,0.0014722507487849438,1.0,0.9985277492512151,1.0,1.0,0.9985277492512151,1.0,0.0057777777777777775,0.003507627745092118,0.009503165883929089,1.0,0.9985277492512151,1.0,4500,0.99,0,15248248111649690841,144.28387150400522,ok,
crossinh_zealots,1000,0,0,0,0,0.0,35,40,1.05,0.95,0.9966666666666667,0.9936061090319881,0.9982647885575522,0.0033333333333333335,0.0017352114424478084,0.006393890968011904,1.0,0.9985277492512151,1.0,0.9966666666666667,0.9936061090319881,0.9982647885575522,0.0033333333333333335,0.0017352114424478084,0.006393890968011904,1.0,0.9985277492512151,1.0,4500,0.99,0,16942054955975277594,60.620803714999056,ok,
crossinh_contrarians,1000,0,0,0,0,0.0,35,40,1.05,0.95,0.996,0.9927402000019526,0.9977993272552527,0.004,0.0022006727447473205,0.0072597999980473435,1.0,0.9985277492512151,1.0,0.996,0.9927402000019526,0.9977993272552527,0.004,0.0022006727447473205,0.0072597999980473435,1.0,0.9985277492512151,1.0,4500,0.99,0,2727624313770391010,63.274570601999585,ok,
voter_zealots,1000,50,50,0,100,0.1,35,40,1.05,0.95,0.996,0.9927402000019526,0.9977993272552527,0.0,0.0,0.0014722507487849438,0.996,0.9927402000019526,0.9977993272552527,1.0,0.9985277492512151,1.0,0.0044444444444444444,0.0025194935449578543,0.007828559419393446,1.0,0.9985277492512151,1.0,4500,0.99,0,14882575334353379824,423.30573079400347,ok,
voter_contrarians,1000,0,0,100,100,0.1,35,40,1.05,0.95,0.23355555555555554,0.21770906031546094,0.250186596861336,0.0,0.0,0.0014722507487849438,0.23355555555555554,0.21770906031546094,0.250186596861336,1.0,0.9985277492512151,1.0,0.013111111111111112,0.009404858244993892,0.018251009039711805,1.0,0.9985277492512151,1.0,4500,0.99,0,6966879824659544563,617.0184923080014,ok,
crossinh_zealots,1000,50,50,0,100,0.1,35,40,1.05,0.95,0.9982222222222222,0.9957136886419883,0.9992637397230003,0.0017777777777777779,0.0007362602769997589,0.004286311358011728,1.0,0.9985277492512151,1.0,0.9982222222222222,0.9957136886419883,0.9992637397230003,0.0017777777777777779,0.0007362602769997589,0.004286311358011728,1.0,0.9985277492512151,1.0,4500,0.99,0,14815684045495184588,169.80465632599953,ok,
crossinh_contrarians,1000,0,0,100,100,0.1,35,40,1.05,0.95,0.9971111111111111,0.9941937140663112,0.9985647637447858,0.0024444444444444444,0.0011455593705951002,0.0052083825967513386,0.9995555555555555,0.9977269420250728,0.9999132270045857,0.9971111111111111,0.9941937140663112,0.9985647637447858,0.0024444444444444444,0.0011455593705951002,0.0052083825967513386,0.9995555555555555,0.9977269420250728,0.9999132270045857,4500,0.99,0,3038784048783617397,334.8773654300021,ok,
voter_zealots,1000,100,100,0,200,0.2,35,40,1.05,0.95,0.3622222222222222,0.34398173313072394,0.38086839818671897,0.0,0.0,0.0014722507487849438,0.3622222222222222,0.34398173313072394,0.38086839818671897,1.0,0.9985277492512151,1.0,0.003111111111111111,0.0015840628103032449,0.006101249489378149,1.0,0.9985277492512151,1.0,4500,0.99,0,83562316439389295,421.74242148899793,ok,
voter_contrarians,1000,0,0,200,200,0.2,35,40,1.05,0.95,0.0,0.0,0.0014722507487849438,0.0,0.0,0.0014722507487849438,0.0,0.0,0.0014722507487849438,1.0,0.9985277492512151,1.0,0.058444444444444445,0.05007018913740236,0.06811886074608017,1.0,0.9985277492512151,1.0,4500,0.99,0,8312921886484366468,634.9215641940027,ok,
crossinh_zealots,1000,100,100,0,200,0.2,35,40,1.05,0.95,1.0,0.9985277492512151,1.0,0.0,0.0,0.0014722507487849438,1.0,0.9985277492512151,1.0,1.0,0.9985277492512151,1.0,0.0,0.0,0.0014722507487849438,1.0,0.9985277492512151,1.0,4500,0.99,0,2883375583879408036,262.94136518499727,ok,
crossinh_contrarians,1000,0,0,200,200,0.2,35,40,1.05,0.95,0.9982222222222222,0.9957136886419883,0.9992637397230003,0.0,0.0,0.0014722507487849438,0.9982222222222222,0.9957136886419883,0.9992637397230003,0.9995555555555555,0.9977269420250728,0.9999132270045857,0.0,0.0,0.0014722507487849438,0.9995555555555555,0.9977269420250728,0.9999132270045857,4500,0.99,0,4935300567630877344,548.1287287829982,ok,
voter_zealots,1000,125,125,0,250,0.25,35,40,1.05,0.95,0.027333333333333334,0.021734311317257143,0.034324123057260895,0.0,0.0,0.0014722507487849438,0.027333333333333334,0.021734311317257143,0.034324123057260895,1.0,0.9985277492512151,1.0,0.002,0.0008687327811117923,0.004597628964678011,1.0,0.9985277492512151,1.0,4500,0.99,0,698640971766571966,404.09787803299696,ok,
voter_contrarians,1000,0,0,250,250,0.25,35,40,1.05,0.95,0.0,0.0,0.0014722507487849438,0.0,0.0,0.0014722507487849438,0.0,0.0,0.0014722507487849438,0.9966666666666667,0.9936061090319881,0.9982647885575522,0.10422222222222222,0.09306655987560183,0.11654325282821415,0.9984444444444445,0.9960298000700901,0.9993914184056768,4500,0.99,0,1741253817252152661,630.2296287110003,ok,
crossinh_zealots,1000,125,125,0,250,0.25,35,40,1.05,0.95,1.0,0.9985277492512151,1.0,0.0,0.0,0.0014722507487849438,1.0,0.9985277492512151,1.0,1.0,0.9985277492512151,1.0,0.0,0.0,0.0014722507487849438,1.0,0.9985277492512151,1.0,4500,0.99,0,1066965637654538900,300.078302296999,ok,
crossinh_contrarians,1000,0,0,250,250,0.25,35,40,1.05,0.95,0.09444444444444444,0.08380451831785861,0.10627852951171142,0.0,0.0,0.0014722507487849438,0.09444444444444444,0.08380451831785861,0.10627852951171142,0.952,0.9431053991043025,0.9595636862187958,0.0,0.0,0.0014722507487849438,0.952,0.9431053991043025,0.9595636862187958,4500,0.99,0,8972188355425665458,621.0165328090006,ok,
voter_zealots,1000,200,200,0,400,0.4,35,40,1.05,0.95,0.0,0.0,0.0014722507487849438,0.0,0.0,0.0014722507487849438,0.0,0.0,0.0014722507487849438,0.9993333333333333,0.9973647865727697,0.9998315923461103,0.0011111111111111111,0.0003713240638206173,0.0033198772388559157,0.9993333333333333,0.9973647865727697,0.9998315923461103,4500,0.99,0,11476878424711481190,328.29318156599766,ok,
voter_contrarians,1000,0,0,400,400,0.4,35,40,1.05,0.95,0.0,0.0,0.0014722507487849438,0.0,0.0,0.0014722507487849438,0.0,0.0,0.0014722507487849438,0.7704444444444445,0.7539050151218681,0.7861875496953447,0.3048888888888889,0.2875098160358605,0.3228424667007764,0.8557777777777777,0.8417638855820864,0.8687440817740004,4500,0.99,0,12422945612174158375,606.4513539830004,ok,
crossinh_zealots,1000,200,200,0,400,0.4,35,40,1.05,0.95,0.9857777777777778,0.9804634199808292,0.9896617621805736,0.0,0.0,0.0014722507487849438,0.9857777777777778,0.9804634199808292,0.9896617621805736,0.9995555555555555,0.9977269420250728,0.9999132270045857,0.0,0.0,0.0014722507487849438,0.9995555555555555,0.9977269420250728,0.9999132270045857,4500,0.99,0,8594642528686289726,366.81168641199474,ok,
crossinh_contrarians,1000,0,0,400,400,0.4,35,40,1.05,0.95,0.0,0.0,0.0014722507487849438,0.0,0.0,0.0014722507487849438,0.0,0.0,0.0014722507487849438,0.011333333333333334,0.00792797020062571,0.016177576197853445,0.0,0.0,0.0014722507487849438,0.011333333333333334,0.00792797020062571,0.016177576197853445,4500,0.99,0,14046263058689609132,652.3767833609963,ok,
voter_zealots,1000,250,250,0,500,0.5,35,40,1.05,0.95,0.0,0.0,0.0014722507487849438,0.0,0.0,0.0014722507487849438,0.0,0.0,0.0014722507487849438,0.9482222222222222,0.9390348229351276,0.9560898305047393,0.00044444444444444447,8.677299541430235e-05,0.002273057974927277,0.9482222222222222,0.9390348229351276,0.9560898305047393,4500,0.99,0,11405440617807710948,275.222615329003,ok,
voter_contrarians,1000,0,0,500,500,0.5,35,40,1.05,0.95,0.0,0.0,0.0014722507487849438,0.0,0.0,0.0014722507487849438,0.0,0.0,0.0014722507487849438,0.4537777777777778,0.43474290034074675,0.4729487566173632,0.4562222222222222,0.4371752826746473,0.47539806550202407,0.7286666666666667,0.711265595155782,0.7453944288351071,4500,0.99,0,15598872725961270449,580.5971284780026,ok,
crossinh_zealots,1000,250,250,0,500,0.5,35,40,1.05,0.95,0.0,0.0,0.0014722507487849438,0.0,0.0,0.0014722507487849438,0.0,0.0,0.0014722507487849438,0.8977777777777778,0.8855536100383238,0.908830688254865,0.0,0.0,0.0014722507487849438,0.8977777777777778,0.8855536100383238,0.908830688254865,4500,0.99,0,16248464665755984302,350.1065680210013,ok,
crossinh_contrarians,1000,0,0,500,500,0.5,35,40,1.05,0.95,0.0,0.0,0.0014722507487849438,0.0,0.0,0.0014722507487849438,0.0,0.0,0.0014722507487849438,0.0026666666666666666,0.001288973013565944,0.005508759064558813,0.0006666666666666666,0.00016840765388963707,0.0026352134272302602,0.0033333333333333335,0.0017352114424478084,0.006393890968011904,4500,0.99,0,16773300568714883541,641.1122472160059,ok,
voter_zealots,1000,300,300,0,600,0.6,35,40,1.05,0.95,0.0,0.0,0.0014722507487849438,0.0,0.0,0.0014722507487849438,0.0,0.0,0.0014722507487849438,0.4477777777777778,0.4287744750269626,0.46693484894013276,0.0,0.0,0.0014722507487849438,0.4477777777777778,0.4287744750269626,0.46693484894013276,4500,0.99,0,2155700026824926765,219.82189424699754,ok,
voter_contrarians,1000,0,0,600,600,0.6,35,40,1.05,0.95,0.0,0.0,0.0014722507487849438,0.0,0.0,0.0014722507487849438,0.0,0.0,0.0014722507487849438,0.22977777777777778,0.21402887497630535,0.24632235031726019,0.6006666666666667,0.5817257702767928,0.6193111499057851,0.6977777777777778,0.6798639196161477,0.7151092789765553,4500,0.99,0,11589581121734317714,548.367010129994,ok,
crossinh_zealots,1000,300,300,0,600,0.6,35,40,1.05,0.95,0.0,0.0,0.0014722507487849438,0.0,0.0,0.0014722507487849438,0.0,0.0,0.0014722507487849438,0.33511111111111114,0.3172405159190722,0.35346722188341606,0.0,0.0,0.0014722507487849438,0.33511111111111114,0.3172405159190722,0.35346722188341606,4500,0.99,0,13445685123109892865,295.25320609100163,ok,
crossinh_contrarians,1000,0,0,600,600,0.6,35,40,1.05,0.95,0.0,0.0,0.0014722507487849438,0.0,0.0,0.0014722507487849438,0.0,0.0,0.0014722507487849438,0.012444444444444444,0.008848481404500263,0.017476015547870476,0.023555555555555555,0.01839570351130445,0.03011829897998218,0.036,0.029502619569922804,0.043863629124949614,4500,0.99,0,3641435610324181805,608.0723920560049,ok,
voter_zealots,2000,0,0,0,0,0.0,35,40,1.05,0.95,1.0,0.9985277492512151,1.0,0.0,0.0,0.0014722507487849438,1.0,0.9985277492512151,1.0,1.0,0.9985277492512151,1.0,0.0,0.0,0.0014722507487849438,1.0,0.9985277492512151,1.0,4500,0.99,0,17407489728554171775,278.0523680249971,ok,
voter_contrarians,2000,0,0,0,0,0.0,35,40,1.05,0.95,1.0,0.9985277492512151,1.0,0.0,0.0,0.0014722507487849438,1.0,0.9985277492512151,1.0,1.0,0.9985277492512151,1.0,0.0,0.0,0.0014722507487849438,1.0,0.9985277492512151,1.0,4500,0.99,0,1241224053147209596,292.06057257200155,ok,
crossinh_zealots,2000,0,0,0,0,0.0,35,40,1.05,0.95,1.0,0.9985277492512151,1.0,0.0,0.0,0.0014722507487849438,1.0,0.9985277492512151,1.0,1.0,0.9985277492512151,1.0,0.0,0.0,0.0014722507487849438,1.0,0.9985277492512151,1.0,4500,0.99,0,15058135130465950193,119.69883439599653,ok,
crossinh_contrarians,2000,0,0,0,0,0.0,35,40,1.05,0.95,1.0,0.9985277492512151,1.0,0.0,0.0,0.0014722507487849438,1.0,0.9985277492512151,1.0,1.0,0.9985277492512151,1.0,0.0,0.0,0.0014722507487849438,1.0,0.9985277492512151,1.0,4500,0.99,0,6119836004448650874,124.42301577400212,ok,
voter_zealots,2000,100,100,0,200,0.1,35,40,1.05,0.95,1.0,0.9985277492512151,1.0,0.0,0.0,0.0014722507487849438,1.0,0.9985277492512151,1.0,1.0,0.9985277492512151,1.0,0.00022222222222222223,2.6090640811303424e-05,0.001889950218751958,1.0,0.9985277492512151,1.0,4500,0.99,0,5352050035833876381,860.9524369739956,ok,
voter_contrarians,2000,0,0,200,200,0.1,35,40,1.05,0.95,0.6068888888888889,0.5879894128627835,0.6254736304215874,0.0,0.0,0.0014722507487849438,0.6068888888888889,0.5879894128627835,0.6254736304215874,1.0,0.9985277492512151,1.0,0.0,0.0,0.0014722507487849438,1.0,0.9985277492512151,1.0,4500,0.99,0,9694289810184094491,1240.8711432630007,ok,
crossinh_zealots,2000,100,100,0,200,0.1,35,40,1.05,0.95,1.0,0.9985277492512151,1.0,0.0,0.0,0.0014722507487849438,1.0,0.9985277492512151,1.0,1.0,0.9985277492512151,1.0,0.0,0.0,0.0014722507487849438,1.0,0.9985277492512151,1.0,4500,0.99,0,14062661022583324509,344.81551047800167,ok,
crossinh_contrarians,2000,0,0,200,200,0.1,35,40,1.05,0.95,1.0,0.9985277492512151,1.0,0.0,0.0,0.0014722507487849438,1.0,0.9985277492512151,1.0,1.0,0.9985277492512151,1.0,0.0,0.0,0.0014722507487849438,1.0,0.9985277492512151,1.0,4500,0.99,0,13941657683433602931,668.5987571350051,ok,
voter_zealots,2000,200,200,0,400,0.2,35,40,1.05,0.95,0.7513333333333333,0.7343741600909921,0.7675524551992852,0.0,0.0,0.0014722507487849438,0.7513333333333333,0.7343741600909921,0.7675524551992852,1.0,0.9985277492512151,1.0,0.0,0.0,0.0014722507487849438,1.0,0.9985277492512151,1.0,4500,0.99,0,17976141488941998351,845.409847035,ok,
voter_contrarians,2000,0,0,400,400,0.2,35,40,1.05,0.95,0.0,0.0,0.0014722507487849438,0.0,0.0,0.0014722507487849438,0.0,0.0,0.0014722507487849438,0.9982222222222222,0.9957136886419883,0.9992637397230003,0.00022222222222222223,2.6090640811303424e-05,0.001889950218751958,0.9982222222222222,0.9957136886419883,0.9992637397230003,4500,0.99,0,1100711394914456749,1278.5752352889976,ok,
crossinh_zealots,2000,200,200,0,400,0.2,35,40,1.05,0.95,1.0,0.9985277492512151,1.0,0.0,0.0,0.0014722507487849438,1.0,0.9985277492512151,1.0,1.0,0.9985277492512151,1.0,0.0,0.0,0.0014722507487849438,1.0,0.9985277492512151,1.0,4500,0.99,0,15178758927657830190,527.718900161999,ok,
crossinh_contrarians,2000,0,0,400,400,0.2,35,40,1.05,0.95,1.0,0.9985277492512151,1.0,0.0,0.0,0.0014722507487849438,1.0,0.9985277492512151,1.0,1.0,0.9985277492512151,1.0,0.0,0.0,0.0014722507487849438,1.0,0.9985277492512151,1.0,4500,0.99,0,7163913584326995343,1108.4339005820002,ok,
voter_zealots,2000,250,250,0,500,0.25,35,40,1.05,0.95,0.11888888888888889,0.10701859027208743,0.13188136974309755,0.0,0.0,0.0014722507487849438,0.11888888888888889,0.10701859027208743,0.13188136974309755,1.0,0.9985277492512151,1.0,0.0,0.0,0.0014722507487849438,1.0,0.9985277492512151,1.0,4500,0.99,0,14684359699800477469,812.1238382089941,ok,
voter_contrarians,2000,0,0,500,500,0.25,35,40,1.05,0.95,0.0,0.0,0.0014722507487849438,0.0,0.0,0.0014722507487849438,0.0,0.0,0.0014722507487849438,0.9586666666666667,0.9503236850776275,0.9656591035688205,0.0008888888888888889,0.0002644927114541086,0.0029829184804441066,0.9586666666666667,0.9503236850776275,0.9656591035688205,4500,0.99,0,12798692153485175604,1278.736304674996,ok,
crossinh_zealots,2000,250,250,0,500,0.25,35,40,1.05,0.95,1.0,0.9985277492512151,1.0,0.0,0.0,0.0014722507487849438,1.0,0.9985277492512151,1.0,1.0,0.9985277492512151,1.0,0.0,0.0,0.0014722507487849438,1.0,0.9985277492512151,1.0,4500,0.99,0,9508045126633677908,611.2334289090068,ok,
crossinh_contrarians,2000,0,0,500,500,0.25,35,40,1.05,0.95,0.2677777777777778,0.25112598378891104,0.2851133504477469,0.0,0.0,0.0014722507487849438,0.2677777777777778,0.25112598378891104,0.2851133504477469,0.9762222222222222,0.9696333169166211,0.9814088904813139,0.0,0.0,0.0014722507487849438,0.9762222222222222,0.9696333169166211,0.9814088904813139,4500,0.99,0,15071473698636957938,1260.468008883996,ok,
voter_zealots,2000,400,400,0,800,0.4,35,40,1.05,0.95,0.0,0.0,0.0014722507487849438,0.0,0.0,0.0014722507487849438,0.0,0.0,0.0014722507487849438,0.9955555555555555,0.9921714405806065,0.9974805064550422,0.0,0.0,0.0014722507487849438,0.9955555555555555,0.9921714405806065,0.9974805064550422,4500,0.99,0,12580211381594553832,671.8016038450005,ok,
voter_contrarians,2000,0,0,800,800,0.4,35,40,1.05,0.95,0.0,0.0,0.0014722507487849438,0.0,0.0,0.0014722507487849438,0.0,0.0,0.0014722507487849438,0.14133333333333334,0.12848421470415544,0.15523854649963964,0.006888888888888889,0.004359207007241049,0.010870537175671748,0.1471111111111111,0.1340294613538474,0.16123184273018387,4500,0.99,0,9230144969723157792,1213.4906805359933,ok,
crossinh_zealots,2000,400,400,0,800,0.4,35,40,1.05,0.95,1.0,0.9985277492512151,1.0,0.0,0.0,0.0014722507487849438,1.0,0.9985277492512151,1.0,1.0,0.9985277492512151,1.0,0.0,0.0,0.0014722507487849438,1.0,0.9985277492512151,1.0,4500,0.99,0,14138682338212836933,738.2463787499873,ok,
crossinh_contrarians,2000,0,0,800,800,0.4,35,40,1.05,0.95,0.0,0.0,0.0014722507487849438,0.0,0.0,0.0014722507487849438,0.0,0.0,0.0014722507487849438,0.00022222222222222223,2.6090640811303424e-05,0.001889950218751958,0.0,0.0,0.0014722507487849438,0.00022222222222222223,2.6090640811303424e-05,0.001889950218751958,4500,0.99,0,8275778436363630894,1327.7525865539938,ok,
voter_zealots,2000,500,500,0,1000,0.5,35,40,1.05,0.95,0.0,0.0,0.0014722507487849438,0.0,0.0,0.0014722507487849438,0.0,0.0,0.0014722507487849438,0.6104444444444445,0.5915700641977047,0.6289936208591193,0.0,0.0,0.0014722507487849438,0.6104444444444445,0.5915700641977047,0.6289936208591193,4500,0.99,0,511010515894326713,552.3299242939975,ok,
voter_contrarians,2000,0,0,1000,1000,0.5,35,40,1.05,0.95,0.0,0.0,0.0014722507487849438,0.0,0.0,0.0014722507487849438,0.0,0.0,0.0014722507487849438,0.014,0.010150986569032822,0.019280041158786145,0.013555555555555555,0.009777333573695444,0.018766113932566886,0.027555555555555555,0.02193172986079281,0.034570494624503546,4500,0.99,0,10656848128890330208,1156.943570288,ok,
crossinh_zealots,2000,500,500,0,1000,0.5,35,40,1.05,0.95,0.0,0.0,0.0014722507487849438,0.0,0.0,0.0014722507487849438,0.0,0.0,0.0014722507487849438,0.8151111111111111,0.7997444788865334,0.8295498981971213,0.0,0.0,0.0014722507487849438,0.8151111111111111,0.7997444788865334,0.8295498981971213,4500,0.99,0,9770415091555966725,699.8306847319909,ok,
crossinh_contrarians,2000,0,0,1000,1000,0.5,35,40,1.05,0.95,0.0,0.0,0.0014722507487849438,0.0,0.0,0.0014722507487849438,0.0,0.0,0.0014722507487849438,0.0,0.0,0.0014722507487849438,0.0,0.0,0.0014722507487849438,0.0,0.0,0.0014722507487849438,4500,0.99,0,3134897273758111129,1277.176611554998,ok,
voter_zealots,2000,600,600,0,1200,0.6,35,40,1.05,0.95,0.0,0.0,0.0014722507487849438,0.0,0.0,0.0014722507487849438,0.0,0.0,0.0014722507487849438,0.026222222222222223,0.020748851121172016,0.033090632699454434,0.0,0.0,0.0014722507487849438,0.026222222222222223,0.020748851121172016,0.033090632699454434,4500,0.99,0,12719369591138555861,440.1226139280043,ok,
voter_contrarians,2000,0,0,1200,1200,0.6,35,40,1.05,0.95,0.0,0.0,0.0014722507487849438,0.0,0.0,0.0014722507487849438,0.0,0.0,0.0014722507487849438,0.002,0.0008687327811117923,0.004597628964678011,0.03288888888888889,0.026699012144723235,0.04045417499925274,0.034888888888888886,0.02849961098795164,0.04264768715302918,4500,0.99,0,6078286815302348835,1101.498898567006,ok,
crossinh_zealots,2000,600,600,0,1200,0.6,35,40,1.05,0.95,0.0,0.0,0.0014722507487849438,0.0,0.0,0.0014722507487849438,0.0,0.0,0.0014722507487849438,0.04711111111111111,0.039620895530870025,0.05593485870291829,0.0,0.0,0.0014722507487849438,0.04711111111111111,0.039620895530870025,0.05593485870291829,4500,0.99,0,3668320798126934212,600.1800810150016,ok,
crossinh_contrarians,2000,0,0,1200,1200,0.6,35,40,1.05,0.95,0.0,0.0,0.0014722507487849438,0.0,0.0,0.0014722507487849438,0.0,0.0,0.0014722507487849438,0.0,0.0,0.0014722507487849438,0.0,0.0,0.0014722507487849438,0.0,0.0,0.0014722507487849438,4500,0.99,0,11754315557397825200,1238.1010780450015,ok,
voter_zealots,4000,0,0,0,0,0.0,35,40,1.05,0.95,1.0,0.9985277492512151,1.0,0.0,0.0,0.0014722507487849438,1.0,0.9985277492512151,1.0,1.0,0.9985277492512151,1.0,0.0,0.0,0.0014722507487849438,1.0,0.9985277492512151,1.0,4500,0.99,0,15811913489435863,564.9341704319959,ok,
voter_contrarians,4000,0,0,0,0,0.0,35,40,1.05,0.95,1.0,0.9985277492512151,1.0,0.0,0.0,0.0014722507487849438,1.0,0.9985277492512151,1.0,1.0,0.9985277492512151,1.0,0.0,0.0,0.0014722507487849438,1.0,0.9985277492512151,1.0,4500,0.99,0,10366691747310714568,588.6531081919966,ok,
crossinh_zealots,4000,0,0,0,0,0.0,35,40,1.05,0.95,1.0,0.9985277492512151,1.0,0.0,0.0,0.0014722507487849438,1.0,0.9985277492512151,1.0,1.0,0.9985277492512151,1.0,0.0,0.0,0.0014722507487849438,1.0,0.9985277492512151,1.0,4500,0.99,0,5166802876427653537,244.9278631319903,ok,
crossinh_contrarians,4000,0,0,0,0,0.0,35,40,1.05,0.95,1.0,0.9985277492512151,1.0,0.0,0.0,0.0014722507487849438,1.0,0.9985277492512151,1.0,1.0,0.9985277492512151,1.0,0.0,0.0,0.0014722507487849438,1.0,0.9985277492512151,1.0,4500,0.99,0,11592512382949411201,256.43589527699805,ok,
voter_zealots,4000,200,200,0,400,0.1,35,40,1.05,0.95,1.0,0.9985277492512151,1.0,0.0,0.0,0.0014722507487849438,1.0,0.9985277492512151,1.0,1.0,0.9985277492512151,1.0,0.0,0.0,0.0014722507487849438,1.0,0.9985277492512151,1.0,4500,0.99,0,11694935972303524830,1751.6455197389878,ok,
voter_contrarians,4000,0,0,400,400,0.1,35,40,1.05,0.95,0.9288888888888889,0.9183757956090778,0.9381391181930755,0.0,0.0,0.0014722507487849438,0.9288888888888889,0.9183757956090778,0.9381391181930755,1.0,0.9985277492512151,1.0,0.0,0.0,0.0014722507487849438,1.0,0.9985277492512151,1.0,4500,0.99,0,8275909504328091434,2505.498113202004,ok,
crossinh_zealots,4000,200,200,0,400,0.1,35,40,1.05,0.95,1.0,0.9985277492512151,1.0,0.0,0.0,0.0014722507487849438,1.0,0.9985277492512151,1.0,1.0,0.9985277492512151,1.0,0.0,0.0,0.0014722507487849438,1.0,0.9985277492512151,1.0,4500,0.99,0,2748270009190799187,734.8798282250063,ok,
crossinh_contrarians,4000,0,0,400,400,0.1,35,40,1.05,0.95,1.0,0.9985277492512151,1.0,0.0,0.0,0.0014722507487849438,1.0,0.9985277492512151,1.0,1.0,0.9985277492512151,1.0,0.0,0.0,0.0014722507487849438,1.0,0.9985277492512151,1.0,4500,0.99,0,15091028128878382406,1446.2622606590012,ok,
voter_zealots,4000,400,400,0,800,0.2,35,40,1.05,0.95,0.9751111111111112,0.9683933258696131,0.9804299309744304,0.0,0.0,0.0014722507487849438,0.9751111111111112,0.9683933258696131,0.9804299309744304,1.0,0.9985277492512151,1.0,0.0,0.0,0.0014722507487849438,1.0,0.9985277492512151,1.0,4500,0.99,0,6632441281247301943,1769.8897077240108,ok,
voter_contrarians,4000,0,0,800,800,0.2,35,40,1.05,0.95,0.0,0.0,0.0014722507487849438,0.0,0.0,0.0014722507487849438,0.0,0.0,0.0014722507487849438,0.9926666666666667,0.9885882149122226,0.995294460683308,0.0,0.0,0.0014722507487849438,0.9926666666666667,0.9885882149122226,0.995294460683308,4500,0.99,0,6062327490757778553,2700.260028896999,ok,
crossinh_zealots,4000,400,400,0,800,0.2,35,40,1.05,0.95,1.0,0.9985277492512151,1.0,0.0,0.0,0.0014722507487849438,1.0,0.9985277492512151,1.0,1.0,0.9985277492512151,1.0,0.0,0.0,0.0014722507487849438,1.0,0.9985277492512151,1.0,4500,0.99,0,2560963058085065821,1114.0233179110073,ok,
crossinh_contrarians,4000,0,0,800,800,0.2,35,40,1.05,0.95,1.0,0.9985277492512151,1.0,0.0,0.0,0.0014722507487849438,1.0,0.9985277492512151,1.0,1.0,0.9985277492512151,1.0,0.0,0.0,0.0014722507487849438,1.0,0.9985277492512151,1.0,4500,0.99,0,4793710016825241679,2279.357521169004,ok,
voter_zealots,4000,500,500,0,1000,0.25,35,40,1.05,0.95,0.4151111111111111,0.3963292359574213,0.43414294172526124,0.0,0.0,0.0014722507487849438,0.4151111111111111,0.3963292359574213,0.43414294172526124,1.0,0.9985277492512151,1.0,0.0,0.0,0.0014722507487849438,1.0,0.9985277492512151,1.0,4500,0.99,0,17905556714076220410,1696.727938341006,ok,
voter_contrarians,4000,0,0,1000,1000,0.25,35,40,1.05,0.95,0.0,0.0,0.0014722507487849438,0.0,0.0,0.0014722507487849438,0.0,0.0,0.0014722507487849438,0.6473333333333333,0.6287819888914346,0.6654508545545901,0.0,0.0,0.0014722507487849438,0.6473333333333333,0.6287819888914346,0.6654508545545901,4500,0.99,0,3976073392807292991,2503.840840086006,ok,
crossinh_zealots,4000,500,500,0,1000,0.25,35,40,1.05,0.95,1.0,0.9985277492512151,1.0,0.0,0.0,0.0014722507487849438,1.0,0.9985277492512151,1.0,1.0,0.9985277492512151,1.0,0.0,0.0,0.0014722507487849438,1.0,0.9985277492512151,1.0,4500,0.99,0,15949679609756786182,1241.1734358870017,ok,
crossinh_contrarians,4000,0,0,1000,1000,0.25,35,40,1.05,0.95,0.5906666666666667,0.5716658046753892,0.6094005605221645,0.0,0.0,0.0014722507487849438,0.5906666666666667,0.5716658046753892,0.6094005605221645,0.9917777777777778,0.9875140052325225,0.9945935099198947,0.0,0.0,0.0014722507487849438,0.9917777777777778,0.9875140052325225,0.9945935099198947,4500,0.99,0,7757919505315114247,2555.5820594029938,ok,
voter_zealots,4000,800,800,0,1600,0.4,35,40,1.05,0.95,0.0,0.0,0.0014722507487849438,0.0,0.0,0.0014722507487849438,0.0,0.0,0.0014722507487849438,0.9597777777777777,0.9515316190284862,0.9666701201718533,0.0,0.0,0.0014722507487849438,0.9597777777777777,0.9515316190284862,0.9666701201718533,4500,0.99,0,12795727510898920630,1328.143071628001,ok,
voter_contrarians,4000,0,0,1600,1600,0.4,35,40,1.05,0.95,0.0,0.0,0.0014722507487849438,0.0,0.0,0.0014722507487849438,0.0,0.0,0.0014722507487849438,0.0015555555555555555,0.0006085815943231792,0.003970199929909988,0.0,0.0,0.0014722507487849438,0.0015555555555555555,0.0006085815943231792,0.003970199929909988,4500,0.99,0,1597078799895696136,2423.4573343189986,ok,
crossinh_zealots,4000,800,800,0,1600,0.4,35,40,1.05,0.95,1.0,0.9985277492512151,1.0,0.0,0.0,0.0014722507487849438,1.0,0.9985277492512151,1.0,1.0,0.9985277492512151,1.0,0.0,0.0,0.0014722507487849438,1.0,0.9985277492512151,1.0,4500,0.99,0,9632433615302449993,1496.927529477005,ok,
crossinh_contrarians,4000,0,0,1600,1600,0.4,35,40,1.05,0.95,0.0,0.0,0.0014722507487849438,0.0,0.0,0.0014722507487849438,0.0,0.0,0.0014722507487849438,0.0,0.0,0.0014722507487849438,0.0,0.0,0.0014722507487849438,0.0,0.0,0.0014722507487849438,4500,0.99,0,7863808322777329552,2627.572049817987,ok,
voter_zealots,4000,1000,1000,0,2000,0.5,35,40,1.05,0.95,0.0,0.0,0.0014722507487849438,0.0,0.0,0.0014722507487849438,0.0,0.0,0.0014722507487849438,0.096,0.08527570880553713,0.10791386979948113,0.0,0.0,0.0014722507487849438,0.096,0.08527570880553713,0.10791386979948113,4500,0.99,0,3739497943295580768,1077.348370199994,ok,
voter_contrarians,4000,0,0,2000,2000,0.5,35,40,1.05,0.95,0.0,0.0,0.0014722507487849438,0.0,0.0,0.0014722507487849438,0.0,0.0,0.0014722507487849438,0.0,0.0,0.0014722507487849438,0.0,0.0,0.0014722507487849438,0.0,0.0,0.0014722507487849438,4500,0.99,0,18335187632091906309,2294.9653238419996,ok,
crossinh_zealots,4000,1000,1000,0,2000,0.5,35,40,1.05,0.95,0.0,0.0,0.0014722507487849438,0.0,0.0,0.0014722507487849438,0.0,0.0,0.0014722507487849438,0.6597777777777778,0.6413619776374938,0.6777231120121167,0.0,0.0,0.0014722507487849438,0.6597777777777778,0.6413619776374938,0.6777231120121167,4500,0.99,0,4145185715672381329,1394.8816921499965,ok,
crossinh_contrarians,4000,0,0,2000,2000,0.5,35,40,1.05,0.95,0.0,0.0,0.0014722507487849438,0.0,0.0,0.0014722507487849438,0.0,0.0,0.0014722507487849438,0.0,0.0,0.0014722507487849438,0.0,0.0,0.0014722507487849438,0.0,0.0,0.0014722507487849438,4500,0.99,0,789118740268904669,2570.273553838997,ok,
voter_zealots,4000,1200,1200,0,2400,0.6,35,40,1.05,0.95,0.0,0.0,0.0014722507487849438,0.0,0.0,0.0014722507487849438,0.0,0.0,0.0014722507487849438,0.0,0.0,0.0014722507487849438,0.0,0.0,0.0014722507487849438,0.0,0.0,0.0014722507487849438,4500,0.99,0,6311016530215508777,869.7236691220023,ok,
voter_contrarians,4000,0,0,2400,2400,0.6,35,40,1.05,0.95,0.0,0.0,0.0014722507487849438,0.0,0.0,0.0014722507487849438,0.0,0.0,0.0014722507487849438,0.0,0.0,0.0014722507487849438,0.0,0.0,0.0014722507487849438,0.0,0.0,0.0014722507487849438,4500,0.99,0,13922405860523506918,2198.694633399995,ok,
crossinh_zealots,4000,1200,1200,0,2400,0.6,35,40,1.05,0.95,0.0,0.0,0.0014722507487849438,0.0,0.0,0.0014722507487849438,0.0,0.0,0.0014722507487849438,0.00044444444444444447,8.677299541430235e-05,0.002273057974927277,0.0,0.0,0.0014722507487849438,0.00044444444444444447,8.677299541430235e-05,0.002273057974927277,4500,0.99,0,4970229131200049187,1181.186116095996,ok,
crossinh_contrarians,4000,0,0,2400,2400,0.6,35,40,1.05,0.95,0.0,0.0,0.0014722507487849438,0.0,0.0,0.0014722507487849438,0.0,0.0,0.0014722507487849438,0.0,0.0,0.0014722507487849438,0.0,0.0,0.0014722507487849438,0.0,0.0,0.0014722507487849438,4500,0.99,0,10237310712688836718,2431.749827292995,ok,
